"TrackId","Nome_faixa","Titulo_album","Nome_artista","Nome_genero","Duracao_milissegundos","Duracao_minutos","preco_unitario"
1,For Those About To Rock (We Salute You),For Those About To Rock We Salute You,AC/DC,Rock,343719,5.73,4.29
2,Balls to the Wall,Balls to the Wall,Accept,Rock,342562,5.71,4.42
3,Fast As a Shark,Restless and Wild,Accept,Rock,230619,3.84,2.91
4,Restless and Wild,Restless and Wild,Accept,Rock,252051,4.2,3.01
5,Princess of the Dawn,Restless and Wild,Accept,Rock,375418,6.26,4.58
6,Put The Finger On You,For Those About To Rock We Salute You,AC/DC,Rock,205662,3.43,2.13
7,Let's Get It Up,For Those About To Rock We Salute You,AC/DC,Rock,233926,3.9,3.18
8,Inject The Venom,For Those About To Rock We Salute You,AC/DC,Rock,210834,3.51,2.28
9,Snowballed,For Those About To Rock We Salute You,AC/DC,Rock,203102,3.39,2.24
10,Evil Walks,For Those About To Rock We Salute You,AC/DC,Rock,263497,4.39,3.35
11,C.O.D.,For Those About To Rock We Salute You,AC/DC,Rock,199836,3.33,2.69
12,Breaking The Rules,For Those About To Rock We Salute You,AC/DC,Rock,263288,4.39,3.08
13,Night Of The Long Knives,For Those About To Rock We Salute You,AC/DC,Rock,205688,3.43,2.11
14,Spellbound,For Those About To Rock We Salute You,AC/DC,Rock,270863,4.51,3.43
15,Go Down,Let There Be Rock,AC/DC,Rock,331180,5.52,3.39
16,Dog Eat Dog,Let There Be Rock,AC/DC,Rock,215196,3.59,2.39
17,Let There Be Rock,Let There Be Rock,AC/DC,Rock,366654,6.11,4.36
18,Bad Boy Boogie,Let There Be Rock,AC/DC,Rock,267728,4.46,3.28
19,Problem Child,Let There Be Rock,AC/DC,Rock,325041,5.42,4.07
20,Overdose,Let There Be Rock,AC/DC,Rock,369319,6.16,4.62
21,Hell Ain't A Bad Place To Be,Let There Be Rock,AC/DC,Rock,254380,4.24,2.64
22,Whole Lotta Rosie,Let There Be Rock,AC/DC,Rock,323761,5.4,4.17
23,Walk On Water,Big Ones,Aerosmith,Rock,295680,4.93,3.78
24,Love In An Elevator,Big Ones,Aerosmith,Rock,321828,5.36,3.35
25,Rag Doll,Big Ones,Aerosmith,Rock,264698,4.41,3.63
26,What It Takes,Big Ones,Aerosmith,Rock,310622,5.18,3.86
27,Dude (Looks Like A Lady),Big Ones,Aerosmith,Rock,264855,4.41,3.44
28,Janie's Got A Gun,Big Ones,Aerosmith,Rock,330736,5.51,3.71
29,Cryin',Big Ones,Aerosmith,Rock,309263,5.15,3.64
30,Amazing,Big Ones,Aerosmith,Rock,356519,5.94,4.32
31,Blind Man,Big Ones,Aerosmith,Rock,240718,4.01,3.01
32,Deuces Are Wild,Big Ones,Aerosmith,Rock,215875,3.6,3.11
33,The Other Side,Big Ones,Aerosmith,Rock,244375,4.07,2.82
34,Crazy,Big Ones,Aerosmith,Rock,316656,5.28,3.41
35,Eat The Rich,Big Ones,Aerosmith,Rock,251036,4.18,3.32
36,Angel,Big Ones,Aerosmith,Rock,307617,5.13,3.28
37,Livin' On The Edge,Big Ones,Aerosmith,Rock,381231,6.35,4.62
38,All I Really Want,Jagged Little Pill,Alanis Morissette,Rock,284891,4.75,3.04
39,You Oughta Know,Jagged Little Pill,Alanis Morissette,Rock,249234,4.15,2.67
40,Perfect,Jagged Little Pill,Alanis Morissette,Rock,188133,3.14,1.98
41,Hand In My Pocket,Jagged Little Pill,Alanis Morissette,Rock,221570,3.69,2.67
42,Right Through You,Jagged Little Pill,Alanis Morissette,Rock,176117,2.94,2.75
43,Forgiven,Jagged Little Pill,Alanis Morissette,Rock,300355,5.01,3.47
44,You Learn,Jagged Little Pill,Alanis Morissette,Rock,239699,3.99,3.05
45,Head Over Feet,Jagged Little Pill,Alanis Morissette,Rock,267493,4.46,2.77
46,Mary Jane,Jagged Little Pill,Alanis Morissette,Rock,280607,4.68,3.01
47,Ironic,Jagged Little Pill,Alanis Morissette,Rock,229825,3.83,2.87
48,Not The Doctor,Jagged Little Pill,Alanis Morissette,Rock,227631,3.79,2.37
49,Wake Up,Jagged Little Pill,Alanis Morissette,Rock,293485,4.89,3.33
50,You Oughta Know (Alternate),Jagged Little Pill,Alanis Morissette,Rock,491885,8.2,4.97
51,We Die Young,Facelift,Alice In Chains,Rock,152084,2.53,2.43
52,Man In The Box,Facelift,Alice In Chains,Rock,286641,4.78,3.85
53,Sea Of Sorrow,Facelift,Alice In Chains,Rock,349831,5.83,4.31
54,Bleed The Freak,Facelift,Alice In Chains,Rock,241946,4.03,2.64
55,I Can't Remember,Facelift,Alice In Chains,Rock,222955,3.72,2.81
56,"Love, Hate, Love",Facelift,Alice In Chains,Rock,387134,6.45,4.58
57,It Ain't Like That,Facelift,Alice In Chains,Rock,277577,4.63,3.22
58,Sunshine,Facelift,Alice In Chains,Rock,284969,4.75,2.86
59,Put You Down,Facelift,Alice In Chains,Rock,196231,3.27,2.14
60,Confusion,Facelift,Alice In Chains,Rock,344163,5.74,4.25
61,I Know Somethin (Bout You),Facelift,Alice In Chains,Rock,261955,4.37,3.44
62,Real Thing,Facelift,Alice In Chains,Rock,243879,4.06,2.47
63,Desafinado,Warner 25 Anos,Antônio Carlos Jobim,Jazz,185338,3.09,2.15
64,Garota De Ipanema,Warner 25 Anos,Antônio Carlos Jobim,Jazz,285048,4.75,3.5
65,Samba De Uma Nota Só (One Note Samba),Warner 25 Anos,Antônio Carlos Jobim,Jazz,137273,2.29,2.29
66,Por Causa De Você,Warner 25 Anos,Antônio Carlos Jobim,Jazz,169900,2.83,2.53
67,Ligia,Warner 25 Anos,Antônio Carlos Jobim,Jazz,251977,4.2,3.16
68,Fotografia,Warner 25 Anos,Antônio Carlos Jobim,Jazz,129227,2.15,1.88
69,Dindi (Dindi),Warner 25 Anos,Antônio Carlos Jobim,Jazz,253178,4.22,3.47
70,Se Todos Fossem Iguais A Você (Instrumental),Warner 25 Anos,Antônio Carlos Jobim,Jazz,134948,2.25,1.45
71,Falando De Amor,Warner 25 Anos,Antônio Carlos Jobim,Jazz,219663,3.66,2.48
72,Angela,Warner 25 Anos,Antônio Carlos Jobim,Jazz,169508,2.83,2.01
73,Corcovado (Quiet Nights Of Quiet Stars),Warner 25 Anos,Antônio Carlos Jobim,Jazz,205662,3.43,2.15
74,Outra Vez,Warner 25 Anos,Antônio Carlos Jobim,Jazz,126511,2.11,2.2
75,O Boto (Bôto),Warner 25 Anos,Antônio Carlos Jobim,Jazz,366837,6.11,4.37
76,"Canta, Canta Mais",Warner 25 Anos,Antônio Carlos Jobim,Jazz,271856,4.53,2.98
77,Enter Sandman,Plays Metallica By Four Cellos,Apocalyptica,Metal,221701,3.7,3.15
78,Master Of Puppets,Plays Metallica By Four Cellos,Apocalyptica,Metal,436453,7.27,5.12
79,Harvester Of Sorrow,Plays Metallica By Four Cellos,Apocalyptica,Metal,374543,6.24,4.02
80,The Unforgiven,Plays Metallica By Four Cellos,Apocalyptica,Metal,322925,5.38,3.42
81,Sad But True,Plays Metallica By Four Cellos,Apocalyptica,Metal,288208,4.8,3.57
82,Creeping Death,Plays Metallica By Four Cellos,Apocalyptica,Metal,308035,5.13,3.57
83,Wherever I May Roam,Plays Metallica By Four Cellos,Apocalyptica,Metal,369345,6.16,3.9
84,Welcome Home (Sanitarium),Plays Metallica By Four Cellos,Apocalyptica,Metal,350197,5.84,4.2
85,Cochise,Audioslave,Audioslave,Rock,222380,3.71,2.57
86,Show Me How to Live,Audioslave,Audioslave,Rock,277890,4.63,3.38
87,Gasoline,Audioslave,Audioslave,Rock,279457,4.66,3.79
88,What You Are,Audioslave,Audioslave,Rock,249391,4.16,3.18
89,Like a Stone,Audioslave,Audioslave,Rock,294034,4.9,3.24
90,Set It Off,Audioslave,Audioslave,Rock,263262,4.39,3.34
91,Shadow on the Sun,Audioslave,Audioslave,Rock,343457,5.72,3.48
92,I am the Highway,Audioslave,Audioslave,Rock,334942,5.58,4.06
93,Exploder,Audioslave,Audioslave,Rock,206053,3.43,2.98
94,Hypnotize,Audioslave,Audioslave,Rock,206628,3.44,2.4
95,Bring'em Back Alive,Audioslave,Audioslave,Rock,329534,5.49,3.9
96,Light My Way,Audioslave,Audioslave,Rock,303595,5.06,3.14
97,Getaway Car,Audioslave,Audioslave,Rock,299598,4.99,3.49
98,The Last Remaining Light,Audioslave,Audioslave,Rock,317492,5.29,3.65
99,Your Time Has Come,Out Of Exile,Audioslave,Alternative & Punk,255529,4.26,2.64
100,Out Of Exile,Out Of Exile,Audioslave,Alternative & Punk,291291,4.85,3.62
101,Be Yourself,Out Of Exile,Audioslave,Alternative & Punk,279484,4.66,3.74
102,Doesn't Remind Me,Out Of Exile,Audioslave,Alternative & Punk,255869,4.26,3.01
103,Drown Me Slowly,Out Of Exile,Audioslave,Alternative & Punk,233691,3.89,2.68
104,Heaven's Dead,Out Of Exile,Audioslave,Alternative & Punk,276688,4.61,3.62
105,The Worm,Out Of Exile,Audioslave,Alternative & Punk,237714,3.96,3.28
106,Man Or Animal,Out Of Exile,Audioslave,Alternative & Punk,233195,3.89,3.17
107,Yesterday To Tomorrow,Out Of Exile,Audioslave,Alternative & Punk,273763,4.56,3.08
108,Dandelion,Out Of Exile,Audioslave,Alternative & Punk,278125,4.64,3
109,#1 Zero,Out Of Exile,Audioslave,Alternative & Punk,299102,4.99,3.27
110,The Curse,Out Of Exile,Audioslave,Alternative & Punk,309786,5.16,4
111,Money,BackBeat Soundtrack,BackBeat,Rock And Roll,147591,2.46,1.67
112,Long Tall Sally,BackBeat Soundtrack,BackBeat,Rock And Roll,106396,1.77,1.92
113,Bad Boy,BackBeat Soundtrack,BackBeat,Rock And Roll,116088,1.93,1.17
114,Twist And Shout,BackBeat Soundtrack,BackBeat,Rock And Roll,161123,2.69,2.43
115,Please Mr. Postman,BackBeat Soundtrack,BackBeat,Rock And Roll,137639,2.29,2.04
116,C'Mon Everybody,BackBeat Soundtrack,BackBeat,Rock And Roll,140199,2.34,1.56
117,Rock 'N' Roll Music,BackBeat Soundtrack,BackBeat,Rock And Roll,141923,2.37,2.01
118,Slow Down,BackBeat Soundtrack,BackBeat,Rock And Roll,163265,2.72,1.99
119,Roadrunner,BackBeat Soundtrack,BackBeat,Rock And Roll,143595,2.39,2.18
120,Carol,BackBeat Soundtrack,BackBeat,Rock And Roll,143830,2.4,2.27
121,Good Golly Miss Molly,BackBeat Soundtrack,BackBeat,Rock And Roll,106266,1.77,1.68
122,"20 Flight Rock",BackBeat Soundtrack,BackBeat,Rock And Roll,107807,1.8,1.95
123,Quadrant,The Best Of Billy Cobham,Billy Cobham,Jazz,261851,4.36,3.09
124,Snoopy's search-Red baron,The Best Of Billy Cobham,Billy Cobham,Jazz,456071,7.6,5.29
125,"Spanish moss-""A sound portrait""-Spanish moss",The Best Of Billy Cobham,Billy Cobham,Jazz,248084,4.13,2.97
126,Moon germs,The Best Of Billy Cobham,Billy Cobham,Jazz,294060,4.9,3.39
127,Stratus,The Best Of Billy Cobham,Billy Cobham,Jazz,582086,9.7,6.48
128,The pleasant pheasant,The Best Of Billy Cobham,Billy Cobham,Jazz,318066,5.3,3.69
129,Solo-Panhandler,The Best Of Billy Cobham,Billy Cobham,Jazz,246151,4.1,2.87
130,Do what cha wanna,The Best Of Billy Cobham,Billy Cobham,Jazz,274155,4.57,3
131,Intro/ Low Down,Alcohol Fueled Brewtality Live! [Disc 1],Black Label Society,Metal,323683,5.39,4.14
132,"13 Years Of Grief",Alcohol Fueled Brewtality Live! [Disc 1],Black Label Society,Metal,246987,4.12,2.95
133,Stronger Than Death,Alcohol Fueled Brewtality Live! [Disc 1],Black Label Society,Metal,300747,5.01,3.04
134,All For You,Alcohol Fueled Brewtality Live! [Disc 1],Black Label Society,Metal,235833,3.93,2.78
135,Super Terrorizer,Alcohol Fueled Brewtality Live! [Disc 1],Black Label Society,Metal,319373,5.32,3.85
136,Phoney Smile Fake Hellos,Alcohol Fueled Brewtality Live! [Disc 1],Black Label Society,Metal,273606,4.56,3.57
137,Lost My Better Half,Alcohol Fueled Brewtality Live! [Disc 1],Black Label Society,Metal,284081,4.73,2.91
138,Bored To Tears,Alcohol Fueled Brewtality Live! [Disc 1],Black Label Society,Metal,247327,4.12,3.08
139,A.N.D.R.O.T.A.Z.,Alcohol Fueled Brewtality Live! [Disc 1],Black Label Society,Metal,266266,4.44,3.12
140,Born To Booze,Alcohol Fueled Brewtality Live! [Disc 1],Black Label Society,Metal,282122,4.7,3.16
141,World Of Trouble,Alcohol Fueled Brewtality Live! [Disc 1],Black Label Society,Metal,359157,5.99,3.67
142,No More Tears,Alcohol Fueled Brewtality Live! [Disc 1],Black Label Society,Metal,555075,9.25,6.36
143,The Begining... At Last,Alcohol Fueled Brewtality Live! [Disc 1],Black Label Society,Metal,365662,6.09,4.59
144,Heart Of Gold,Alcohol Fueled Brewtality Live! [Disc 2],Black Label Society,Metal,194873,3.25,2.25
145,Snowblind,Alcohol Fueled Brewtality Live! [Disc 2],Black Label Society,Metal,420022,7.0,4.31
146,Like A Bird,Alcohol Fueled Brewtality Live! [Disc 2],Black Label Society,Metal,276532,4.61,2.9
147,Blood In The Wall,Alcohol Fueled Brewtality Live! [Disc 2],Black Label Society,Metal,284368,4.74,2.86
148,The Beginning...At Last,Alcohol Fueled Brewtality Live! [Disc 2],Black Label Society,Metal,271960,4.53,3.67
149,Black Sabbath,Black Sabbath,Black Sabbath,Metal,382066,6.37,4.59
150,The Wizard,Black Sabbath,Black Sabbath,Metal,264829,4.41,3.21
151,Behind The Wall Of Sleep,Black Sabbath,Black Sabbath,Metal,217573,3.63,2.89
152,N.I.B.,Black Sabbath,Black Sabbath,Metal,368770,6.15,4.07
153,Evil Woman,Black Sabbath,Black Sabbath,Metal,204930,3.42,2.96
154,Sleeping Village,Black Sabbath,Black Sabbath,Metal,644571,10.74,6.88
155,Warning,Black Sabbath,Black Sabbath,Metal,212062,3.53,2.3
156,Wheels Of Confusion / The Straightener,Black Sabbath Vol. 4 (Remaster),Black Sabbath,Metal,494524,8.24,5.53
157,Tomorrow's Dream,Black Sabbath Vol. 4 (Remaster),Black Sabbath,Metal,192496,3.21,2.91
158,Changes,Black Sabbath Vol. 4 (Remaster),Black Sabbath,Metal,286275,4.77,3.47
159,FX,Black Sabbath Vol. 4 (Remaster),Black Sabbath,Metal,103157,1.72,1.68
160,Supernaut,Black Sabbath Vol. 4 (Remaster),Black Sabbath,Metal,285779,4.76,3
161,Snowblind,Black Sabbath Vol. 4 (Remaster),Black Sabbath,Metal,331676,5.53,3.74
162,Cornucopia,Black Sabbath Vol. 4 (Remaster),Black Sabbath,Metal,234814,3.91,2.92
163,Laguna Sunrise,Black Sabbath Vol. 4 (Remaster),Black Sabbath,Metal,173087,2.88,1.76
164,St. Vitus Dance,Black Sabbath Vol. 4 (Remaster),Black Sabbath,Metal,149655,2.49,1.92
165,Under The Sun/Every Day Comes and Goes,Black Sabbath Vol. 4 (Remaster),Black Sabbath,Metal,350458,5.84,3.85
166,Smoked Pork,Body Count,Body Count,Alternative & Punk,47333,0.79,1.44
167,Body Count's In The House,Body Count,Body Count,Alternative & Punk,204251,3.4,2.51
168,Now Sports,Body Count,Body Count,Alternative & Punk,4884,0.08,0.63
169,Body Count,Body Count,Body Count,Alternative & Punk,317936,5.3,3.94
170,A Statistic,Body Count,Body Count,Alternative & Punk,6373,0.11,0.21
171,Bowels Of The Devil,Body Count,Body Count,Alternative & Punk,223216,3.72,2.79
172,The Real Problem,Body Count,Body Count,Alternative & Punk,11650,0.19,0.68
173,KKK Bitch,Body Count,Body Count,Alternative & Punk,173008,2.88,2.15
174,D Note,Body Count,Body Count,Alternative & Punk,95738,1.6,1.12
175,Voodoo,Body Count,Body Count,Alternative & Punk,300721,5.01,3.92
176,The Winner Loses,Body Count,Body Count,Alternative & Punk,392254,6.54,4.35
177,There Goes The Neighborhood,Body Count,Body Count,Alternative & Punk,350171,5.84,3.7
178,Oprah,Body Count,Body Count,Alternative & Punk,6635,0.11,0.63
179,Evil Dick,Body Count,Body Count,Alternative & Punk,239020,3.98,2.65
180,Body Count Anthem,Body Count,Body Count,Alternative & Punk,166426,2.77,2.21
181,Momma's Gotta Die Tonight,Body Count,Body Count,Alternative & Punk,371539,6.19,4.65
182,Freedom Of Speech,Body Count,Body Count,Alternative & Punk,281234,4.69,3.38
183,King In Crimson,Chemical Wedding,Bruce Dickinson,Metal,283167,4.72,3.8
184,Chemical Wedding,Chemical Wedding,Bruce Dickinson,Metal,246177,4.1,3.07
185,The Tower,Chemical Wedding,Bruce Dickinson,Metal,285257,4.75,3.27
186,Killing Floor,Chemical Wedding,Bruce Dickinson,Metal,269557,4.49,2.97
187,Book Of Thel,Chemical Wedding,Bruce Dickinson,Metal,494393,8.24,5.24
188,Gates Of Urizen,Chemical Wedding,Bruce Dickinson,Metal,265351,4.42,3.52
189,Jerusalem,Chemical Wedding,Bruce Dickinson,Metal,402390,6.71,4.99
190,Trupets Of Jericho,Chemical Wedding,Bruce Dickinson,Metal,359131,5.99,4.48
191,Machine Men,Chemical Wedding,Bruce Dickinson,Metal,341655,5.69,3.96
192,The Alchemist,Chemical Wedding,Bruce Dickinson,Metal,509413,8.49,5.55
193,Realword,Chemical Wedding,Bruce Dickinson,Metal,237531,3.96,2.63
194,First Time I Met The Blues,The Best Of Buddy Guy - The Millenium Collection,Buddy Guy,Blues,140434,2.34,1.63
195,Let Me Love You Baby,The Best Of Buddy Guy - The Millenium Collection,Buddy Guy,Blues,175386,2.92,2.64
196,Stone Crazy,The Best Of Buddy Guy - The Millenium Collection,Buddy Guy,Blues,433397,7.22,4.63
197,Pretty Baby,The Best Of Buddy Guy - The Millenium Collection,Buddy Guy,Blues,237662,3.96,2.57
198,When My Left Eye Jumps,The Best Of Buddy Guy - The Millenium Collection,Buddy Guy,Blues,235311,3.92,2.39
199,Leave My Girl Alone,The Best Of Buddy Guy - The Millenium Collection,Buddy Guy,Blues,204721,3.41,2.85
200,She Suits Me To A Tee,The Best Of Buddy Guy - The Millenium Collection,Buddy Guy,Blues,136803,2.28,2.05
201,Keep It To Myself (Aka Keep It To Yourself),The Best Of Buddy Guy - The Millenium Collection,Buddy Guy,Blues,166060,2.77,1.67
202,My Time After Awhile,The Best Of Buddy Guy - The Millenium Collection,Buddy Guy,Blues,182491,3.04,2.27
203,Too Many Ways (Alternate),The Best Of Buddy Guy - The Millenium Collection,Buddy Guy,Blues,135053,2.25,1.83
204,Talkin' 'Bout Women Obviously,The Best Of Buddy Guy - The Millenium Collection,Buddy Guy,Blues,589531,9.83,6.41
205,Jorge Da Capadócia,Prenda Minha,Caetano Veloso,Latin,177397,2.96,2.21
206,Prenda Minha,Prenda Minha,Caetano Veloso,Latin,99369,1.66,1.54
207,Meditação,Prenda Minha,Caetano Veloso,Latin,148793,2.48,2.44
208,Terra,Prenda Minha,Caetano Veloso,Latin,482429,8.04,5.28
209,Eclipse Oculto,Prenda Minha,Caetano Veloso,Latin,221936,3.7,3.19
210,"Texto ""Verdade Tropical""",Prenda Minha,Caetano Veloso,Latin,84088,1.4,0.91
211,Bem Devagar,Prenda Minha,Caetano Veloso,Latin,133172,2.22,1.9
212,Drão,Prenda Minha,Caetano Veloso,Latin,156264,2.6,1.7
213,Saudosismo,Prenda Minha,Caetano Veloso,Latin,144326,2.41,2.05
214,Carolina,Prenda Minha,Caetano Veloso,Latin,181812,3.03,2.4
215,Sozinho,Prenda Minha,Caetano Veloso,Latin,190589,3.18,2.25
216,Esse Cara,Prenda Minha,Caetano Veloso,Latin,223111,3.72,2.88
217,Mel,Prenda Minha,Caetano Veloso,Latin,294765,4.91,3.72
218,Linha Do Equador,Prenda Minha,Caetano Veloso,Latin,299337,4.99,3.83
219,Odara,Prenda Minha,Caetano Veloso,Latin,141270,2.35,1.44
220,A Luz De Tieta,Prenda Minha,Caetano Veloso,Latin,251742,4.2,2.72
221,Atrás Da Verd-E-Rosa Só Não Vai Quem Já Morreu,Prenda Minha,Caetano Veloso,Latin,307252,5.12,3.14
222,Vida Boa,Prenda Minha,Caetano Veloso,Latin,281730,4.7,3.31
223,Sozinho (Hitmakers Classic Mix),Sozinho Remix Ao Vivo,Caetano Veloso,Latin,436636,7.28,4.54
224,Sozinho (Hitmakers Classic Radio Edit),Sozinho Remix Ao Vivo,Caetano Veloso,Latin,195004,3.25,2.03
225,Sozinho (Caêdrum 'n' Bass),Sozinho Remix Ao Vivo,Caetano Veloso,Latin,328071,5.47,3.89
226,Carolina,Minha Historia,Chico Buarque,Latin,163056,2.72,2.62
227,Essa Moça Ta Diferente,Minha Historia,Chico Buarque,Latin,167235,2.79,1.96
228,Vai Passar,Minha Historia,Chico Buarque,Latin,369763,6.16,4.4
229,Samba De Orly,Minha Historia,Chico Buarque,Latin,162429,2.71,2.12
230,"Bye, Bye Brasil",Minha Historia,Chico Buarque,Latin,283402,4.72,3.39
231,Atras Da Porta,Minha Historia,Chico Buarque,Latin,189675,3.16,2.45
232,Tatuagem,Minha Historia,Chico Buarque,Latin,172120,2.87,2.39
233,O Que Será (À Flor Da Terra),Minha Historia,Chico Buarque,Latin,167288,2.79,2.08
234,Morena De Angola,Minha Historia,Chico Buarque,Latin,186801,3.11,2.57
235,Apesar De Você,Minha Historia,Chico Buarque,Latin,234501,3.91,3.24
236,A Banda,Minha Historia,Chico Buarque,Latin,132493,2.21,2.08
237,Minha Historia,Minha Historia,Chico Buarque,Latin,182256,3.04,2.68
238,Com Açúcar E Com Afeto,Minha Historia,Chico Buarque,Latin,175386,2.92,2.45
239,Brejo Da Cruz,Minha Historia,Chico Buarque,Latin,214099,3.57,2.43
240,Meu Caro Amigo,Minha Historia,Chico Buarque,Latin,260257,4.34,3.58
241,Geni E O Zepelim,Minha Historia,Chico Buarque,Latin,317570,5.29,4.13
242,Trocando Em Miúdos,Minha Historia,Chico Buarque,Latin,169717,2.83,2.05
243,Vai Trabalhar Vagabundo,Minha Historia,Chico Buarque,Latin,139154,2.32,1.84
244,Gota D'água,Minha Historia,Chico Buarque,Latin,153208,2.55,1.56
245,Construção / Deus Lhe Pague,Minha Historia,Chico Buarque,Latin,383059,6.38,4.17
246,Mateus Enter,Afrociberdelia,Chico Science & Nação Zumbi,Latin,33149,0.55,0.51
247,O Cidadão Do Mundo,Afrociberdelia,Chico Science & Nação Zumbi,Latin,200933,3.35,2.65
248,Etnia,Afrociberdelia,Chico Science & Nação Zumbi,Latin,152555,2.54,2.4
249,Quilombo Groove [Instrumental],Afrociberdelia,Chico Science & Nação Zumbi,Latin,151823,2.53,1.74
250,Macô,Afrociberdelia,Chico Science & Nação Zumbi,Latin,249600,4.16,2.57
251,Um Passeio No Mundo Livre,Afrociberdelia,Chico Science & Nação Zumbi,Latin,240091,4.0,2.71
252,Samba Do Lado,Afrociberdelia,Chico Science & Nação Zumbi,Latin,227317,3.79,3.24
253,Maracatu Atômico,Afrociberdelia,Chico Science & Nação Zumbi,Latin,284264,4.74,3.4
254,O Encontro De Isaac Asimov Com Santos Dumont No Céu,Afrociberdelia,Chico Science & Nação Zumbi,Latin,99108,1.65,1.97
255,Corpo De Lama,Afrociberdelia,Chico Science & Nação Zumbi,Latin,232672,3.88,2.57
256,Sobremesa,Afrociberdelia,Chico Science & Nação Zumbi,Latin,240091,4.0,3.25
257,Manguetown,Afrociberdelia,Chico Science & Nação Zumbi,Latin,194560,3.24,2.12
258,Um Satélite Na Cabeça,Afrociberdelia,Chico Science & Nação Zumbi,Latin,126615,2.11,1.71
259,Baião Ambiental [Instrumental],Afrociberdelia,Chico Science & Nação Zumbi,Latin,152659,2.54,2.24
260,Sangue De Bairro,Afrociberdelia,Chico Science & Nação Zumbi,Latin,132231,2.2,1.95
261,Enquanto O Mundo Explode,Afrociberdelia,Chico Science & Nação Zumbi,Latin,88764,1.48,1.27
262,Interlude Zumbi,Afrociberdelia,Chico Science & Nação Zumbi,Latin,71627,1.19,1.14
263,Criança De Domingo,Afrociberdelia,Chico Science & Nação Zumbi,Latin,208222,3.47,2.23
264,Amor De Muito,Afrociberdelia,Chico Science & Nação Zumbi,Latin,175333,2.92,2.26
265,Samidarish [Instrumental],Afrociberdelia,Chico Science & Nação Zumbi,Latin,272431,4.54,3.09
266,Maracatu Atômico [Atomic Version],Afrociberdelia,Chico Science & Nação Zumbi,Latin,273084,4.55,3.48
267,Maracatu Atômico [Ragga Mix],Afrociberdelia,Chico Science & Nação Zumbi,Latin,210155,3.5,2.87
268,Maracatu Atômico [Trip Hop],Afrociberdelia,Chico Science & Nação Zumbi,Latin,221492,3.69,2.94
269,Banditismo Por Uma Questa,Da Lama Ao Caos,Chico Science & Nação Zumbi,Latin,307095,5.12,3.74
270,Banditismo Por Uma Questa,Da Lama Ao Caos,Chico Science & Nação Zumbi,Latin,243644,4.06,2.7
271,Rios Pontes & Overdrives,Da Lama Ao Caos,Chico Science & Nação Zumbi,Latin,286720,4.78,3.44
272,Cidade,Da Lama Ao Caos,Chico Science & Nação Zumbi,Latin,216346,3.61,2.51
273,Praiera,Da Lama Ao Caos,Chico Science & Nação Zumbi,Latin,183640,3.06,2.28
274,Samba Makossa,Da Lama Ao Caos,Chico Science & Nação Zumbi,Latin,271856,4.53,2.92
275,Da Lama Ao Caos,Da Lama Ao Caos,Chico Science & Nação Zumbi,Latin,251559,4.19,2.84
276,Maracatu De Tiro Certeiro,Da Lama Ao Caos,Chico Science & Nação Zumbi,Latin,88868,1.48,1.03
277,Salustiano Song,Da Lama Ao Caos,Chico Science & Nação Zumbi,Latin,215405,3.59,2.19
278,Antene Se,Da Lama Ao Caos,Chico Science & Nação Zumbi,Latin,248372,4.14,2.82
279,Risoflora,Da Lama Ao Caos,Chico Science & Nação Zumbi,Latin,105586,1.76,1.76
280,Lixo Do Mangue,Da Lama Ao Caos,Chico Science & Nação Zumbi,Latin,193253,3.22,2.57
281,Computadores Fazem Arte,Da Lama Ao Caos,Chico Science & Nação Zumbi,Latin,404323,6.74,4.37
282,Girassol,Acústico MTV [Live],Cidade Negra,Reggae,249808,4.16,3.24
283,A Sombra Da Maldade,Acústico MTV [Live],Cidade Negra,Reggae,230922,3.85,2.87
284,Johnny B. Goode,Acústico MTV [Live],Cidade Negra,Reggae,254615,4.24,3.38
285,Soldado Da Paz,Acústico MTV [Live],Cidade Negra,Reggae,194220,3.24,2.27
286,Firmamento,Acústico MTV [Live],Cidade Negra,Reggae,222145,3.7,3.22
287,Extra,Acústico MTV [Live],Cidade Negra,Reggae,304352,5.07,3.34
288,O Erê,Acústico MTV [Live],Cidade Negra,Reggae,236382,3.94,2.71
289,Podes Crer,Acústico MTV [Live],Cidade Negra,Reggae,232280,3.87,2.33
290,A Estrada,Acústico MTV [Live],Cidade Negra,Reggae,248842,4.15,2.53
291,Berlim,Acústico MTV [Live],Cidade Negra,Reggae,207542,3.46,2.74
292,Já Foi,Acústico MTV [Live],Cidade Negra,Reggae,221544,3.69,2.24
293,Onde Você Mora?,Acústico MTV [Live],Cidade Negra,Reggae,256026,4.27,2.82
294,Pensamento,Acústico MTV [Live],Cidade Negra,Reggae,173008,2.88,2.53
295,Conciliação,Acústico MTV [Live],Cidade Negra,Reggae,257619,4.29,3.42
296,Realidade Virtual,Acústico MTV [Live],Cidade Negra,Reggae,195239,3.25,2.22
297,Mensagem,Acústico MTV [Live],Cidade Negra,Reggae,225332,3.76,2.9
298,A Cor Do Sol,Acústico MTV [Live],Cidade Negra,Reggae,231392,3.86,2.97
299,Onde Você Mora?,Cidade Negra - Hits,Cidade Negra,Reggae,298396,4.97,3.79
300,O Erê,Cidade Negra - Hits,Cidade Negra,Reggae,206942,3.45,2.58
301,A Sombra Da Maldade,Cidade Negra - Hits,Cidade Negra,Reggae,285231,4.75,3.54
302,A Estrada,Cidade Negra - Hits,Cidade Negra,Reggae,282174,4.7,2.91
303,Falar A Verdade,Cidade Negra - Hits,Cidade Negra,Reggae,244950,4.08,2.91
304,Firmamento,Cidade Negra - Hits,Cidade Negra,Reggae,225488,3.76,2.8
305,Pensamento,Cidade Negra - Hits,Cidade Negra,Reggae,192391,3.21,2.89
306,Realidade Virtual,Cidade Negra - Hits,Cidade Negra,Reggae,240300,4.0,2.99
307,Doutor,Cidade Negra - Hits,Cidade Negra,Reggae,178155,2.97,2.44
308,Na Frente Da TV,Cidade Negra - Hits,Cidade Negra,Reggae,289750,4.83,3.78
309,Downtown,Cidade Negra - Hits,Cidade Negra,Reggae,239725,4.0,2.46
310,Sábado A Noite,Cidade Negra - Hits,Cidade Negra,Reggae,267363,4.46,3.25
311,A Cor Do Sol,Cidade Negra - Hits,Cidade Negra,Reggae,273031,4.55,3.54
312,Eu Também Quero Beijar,Cidade Negra - Hits,Cidade Negra,Reggae,211147,3.52,2.86
313,Noite Do Prazer,Na Pista,Cláudio Zoli,Latin,311353,5.19,3.8
314,À Francesa,Na Pista,Cláudio Zoli,Latin,244532,4.08,3.24
315,Cada Um Cada Um (A Namoradeira),Na Pista,Cláudio Zoli,Latin,253492,4.22,3.02
316,Linha Do Equador,Na Pista,Cláudio Zoli,Latin,244715,4.08,3.18
317,Amor Demais,Na Pista,Cláudio Zoli,Latin,254040,4.23,2.9
318,Férias,Na Pista,Cláudio Zoli,Latin,264202,4.4,3.6
319,Gostava Tanto De Você,Na Pista,Cláudio Zoli,Latin,230452,3.84,2.75
320,Flor Do Futuro,Na Pista,Cláudio Zoli,Latin,275748,4.6,3.53
321,Felicidade Urgente,Na Pista,Cláudio Zoli,Latin,266605,4.44,2.68
322,Livre Pra Viver,Na Pista,Cláudio Zoli,Latin,214595,3.58,3.11
323,"Dig-Dig, Lambe-Lambe (Ao Vivo)",Axé Bahia 2001,Various Artists,Pop,205479,3.42,3
324,Pererê,Axé Bahia 2001,Various Artists,Pop,198661,3.31,2.34
325,TriboTchan,Axé Bahia 2001,Various Artists,Pop,194194,3.24,2.46
326,"Tapa Aqui, Descobre Ali",Axé Bahia 2001,Various Artists,Pop,188630,3.14,2.12
327,Daniela,Axé Bahia 2001,Various Artists,Pop,230791,3.85,2.74
328,Bate Lata,Axé Bahia 2001,Various Artists,Pop,206733,3.45,2.4
329,Garotas do Brasil,Axé Bahia 2001,Various Artists,Pop,210155,3.5,2.59
330,Levada do Amor (Ailoviu),Axé Bahia 2001,Various Artists,Pop,190093,3.17,2.22
331,Lavadeira,Axé Bahia 2001,Various Artists,Pop,214256,3.57,2.68
332,Reboladeira,Axé Bahia 2001,Various Artists,Pop,210599,3.51,2.56
333,É que Nessa Encarnação Eu Nasci Manga,Axé Bahia 2001,Various Artists,Pop,196519,3.28,2.8
334,Reggae Tchan,Axé Bahia 2001,Various Artists,Pop,206654,3.44,2.1
335,My Love,Axé Bahia 2001,Various Artists,Pop,203493,3.39,2.78
336,Latinha de Cerveja,Axé Bahia 2001,Various Artists,Pop,166687,2.78,2.42
337,You Shook Me,BBC Sessions [Disc 1] [Live],Led Zeppelin,Rock,315951,5.27,3.79
338,I Can't Quit You Baby,BBC Sessions [Disc 1] [Live],Led Zeppelin,Rock,263836,4.4,2.97
339,Communication Breakdown,BBC Sessions [Disc 1] [Live],Led Zeppelin,Rock,192653,3.21,2.55
340,Dazed and Confused,BBC Sessions [Disc 1] [Live],Led Zeppelin,Rock,401920,6.7,4.16
341,The Girl I Love She Got Long Black Wavy Hair,BBC Sessions [Disc 1] [Live],Led Zeppelin,Rock,183327,3.06,2.72
342,What is and Should Never Be,BBC Sessions [Disc 1] [Live],Led Zeppelin,Rock,260675,4.34,2.85
343,Communication Breakdown(2),BBC Sessions [Disc 1] [Live],Led Zeppelin,Rock,161149,2.69,2.29
344,Travelling Riverside Blues,BBC Sessions [Disc 1] [Live],Led Zeppelin,Rock,312032,5.2,3.86
345,Whole Lotta Love,BBC Sessions [Disc 1] [Live],Led Zeppelin,Rock,373394,6.22,3.82
346,Somethin' Else,BBC Sessions [Disc 1] [Live],Led Zeppelin,Rock,127869,2.13,2.15
347,Communication Breakdown(3),BBC Sessions [Disc 1] [Live],Led Zeppelin,Rock,185260,3.09,2.02
348,I Can't Quit You Baby(2),BBC Sessions [Disc 1] [Live],Led Zeppelin,Rock,380551,6.34,4.74
349,You Shook Me(2),BBC Sessions [Disc 1] [Live],Led Zeppelin,Rock,619467,10.32,7.03
350,How Many More Times,BBC Sessions [Disc 1] [Live],Led Zeppelin,Rock,711836,11.86,7.75
351,Debra Kadabra,Bongo Fury,Frank Zappa & Captain Beefheart,Rock,234553,3.91,2.75
352,Carolina Hard-Core Ecstasy,Bongo Fury,Frank Zappa & Captain Beefheart,Rock,359680,5.99,3.9
353,Sam With The Showing Scalp Flat Top,Bongo Fury,Frank Zappa & Captain Beefheart,Rock,171284,2.85,1.99
354,Poofter's Froth Wyoming Plans Ahead,Bongo Fury,Frank Zappa & Captain Beefheart,Rock,183902,3.07,2.3
355,"200 Years Old",Bongo Fury,Frank Zappa & Captain Beefheart,Rock,272561,4.54,2.99
356,Cucamonga,Bongo Fury,Frank Zappa & Captain Beefheart,Rock,144483,2.41,2.39
357,Advance Romance,Bongo Fury,Frank Zappa & Captain Beefheart,Rock,677694,11.29,6.94
358,Man With The Woman Head,Bongo Fury,Frank Zappa & Captain Beefheart,Rock,88894,1.48,1.78
359,Muffin Man,Bongo Fury,Frank Zappa & Captain Beefheart,Rock,332878,5.55,3.93
360,Vai-Vai 2001,Carnaval 2001,Various Artists,Soundtrack,276349,4.61,2.86
361,X-9 2001,Carnaval 2001,Various Artists,Soundtrack,273920,4.57,2.75
362,Gavioes 2001,Carnaval 2001,Various Artists,Soundtrack,282723,4.71,3.15
363,Nene 2001,Carnaval 2001,Various Artists,Soundtrack,284969,4.75,3.8
364,Rosas De Ouro 2001,Carnaval 2001,Various Artists,Soundtrack,284342,4.74,3.4
365,Mocidade Alegre 2001,Carnaval 2001,Various Artists,Soundtrack,282488,4.71,3.47
366,Camisa Verde 2001,Carnaval 2001,Various Artists,Soundtrack,283454,4.72,2.83
367,Leandro De Itaquera 2001,Carnaval 2001,Various Artists,Soundtrack,274808,4.58,3.36
368,Tucuruvi 2001,Carnaval 2001,Various Artists,Soundtrack,287921,4.8,3.33
369,Aguia De Ouro 2001,Carnaval 2001,Various Artists,Soundtrack,284160,4.74,3.25
370,Ipiranga 2001,Carnaval 2001,Various Artists,Soundtrack,248293,4.14,3.3
371,Morro Da Casa Verde 2001,Carnaval 2001,Various Artists,Soundtrack,284708,4.75,3.6
372,Perola Negra 2001,Carnaval 2001,Various Artists,Soundtrack,281626,4.69,3.35
373,Sao Lucas 2001,Carnaval 2001,Various Artists,Soundtrack,296254,4.94,2.97
374,Guanabara,Chill: Brazil (Disc 1),Marcos Valle,Latin,247614,4.13,3.48
375,Mas Que Nada,Chill: Brazil (Disc 1),Marcos Valle,Latin,248398,4.14,2.77
376,Vôo Sobre o Horizonte,Chill: Brazil (Disc 1),Marcos Valle,Latin,225097,3.75,2.4
377,A Paz,Chill: Brazil (Disc 1),Marcos Valle,Latin,263183,4.39,2.99
378,Wave (Vou te Contar),Chill: Brazil (Disc 1),Marcos Valle,Latin,271647,4.53,3.15
379,Água de Beber,Chill: Brazil (Disc 1),Marcos Valle,Latin,146677,2.44,1.66
380,Samba da Bençaco,Chill: Brazil (Disc 1),Marcos Valle,Latin,282200,4.7,2.84
381,Pode Parar,Chill: Brazil (Disc 1),Marcos Valle,Latin,179408,2.99,2.37
382,Menino do Rio,Chill: Brazil (Disc 1),Marcos Valle,Latin,262713,4.38,2.77
383,Ando Meio Desligado,Chill: Brazil (Disc 1),Marcos Valle,Latin,195813,3.26,2.15
384,Mistério da Raça,Chill: Brazil (Disc 1),Marcos Valle,Latin,184320,3.07,2.74
385,All Star,Chill: Brazil (Disc 1),Marcos Valle,Latin,176326,2.94,2.17
386,Menina Bonita,Chill: Brazil (Disc 1),Marcos Valle,Latin,237087,3.95,3.09
387,Pescador de Ilusões,Chill: Brazil (Disc 1),Marcos Valle,Latin,245524,4.09,3.06
388,À Vontade (Live Mix),Chill: Brazil (Disc 1),Marcos Valle,Latin,180636,3.01,2.19
389,Maria Fumaça,Chill: Brazil (Disc 1),Marcos Valle,Latin,141008,2.35,2.19
390,Sambassim (dj patife remix),Chill: Brazil (Disc 1),Marcos Valle,Latin,213655,3.56,2.67
391,Garota De Ipanema,Chill: Brazil (Disc 2),Antônio Carlos Jobim,Latin,279536,4.66,3.67
392,Tim Tim Por Tim Tim,Chill: Brazil (Disc 2),Antônio Carlos Jobim,Latin,213237,3.55,2.78
393,Tarde Em Itapoã,Chill: Brazil (Disc 2),Antônio Carlos Jobim,Latin,313704,5.23,3.66
394,Tanto Tempo,Chill: Brazil (Disc 2),Antônio Carlos Jobim,Latin,170292,2.84,2.5
395,Eu Vim Da Bahia - Live,Chill: Brazil (Disc 2),Antônio Carlos Jobim,Latin,157988,2.63,1.76
396,Alô Alô Marciano,Chill: Brazil (Disc 2),Antônio Carlos Jobim,Latin,238106,3.97,3.04
397,Linha Do Horizonte,Chill: Brazil (Disc 2),Antônio Carlos Jobim,Latin,279484,4.66,3.63
398,Only A Dream In Rio,Chill: Brazil (Disc 2),Antônio Carlos Jobim,Latin,371356,6.19,4.22
399,Abrir A Porta,Chill: Brazil (Disc 2),Antônio Carlos Jobim,Latin,271960,4.53,3.68
400,Alice,Chill: Brazil (Disc 2),Antônio Carlos Jobim,Latin,165982,2.77,1.69
401,Momentos Que Marcam,Chill: Brazil (Disc 2),Antônio Carlos Jobim,Latin,280137,4.67,2.99
402,Um Jantar Pra Dois,Chill: Brazil (Disc 2),Antônio Carlos Jobim,Latin,237714,3.96,3.09
403,Bumbo Da Mangueira,Chill: Brazil (Disc 2),Antônio Carlos Jobim,Latin,270158,4.5,3.34
404,Mr Funk Samba,Chill: Brazil (Disc 2),Antônio Carlos Jobim,Latin,213890,3.56,2.18
405,Santo Antonio,Chill: Brazil (Disc 2),Antônio Carlos Jobim,Latin,162716,2.71,1.67
406,Por Você,Chill: Brazil (Disc 2),Antônio Carlos Jobim,Latin,205557,3.43,2.28
407,Só Tinha De Ser Com Você,Chill: Brazil (Disc 2),Antônio Carlos Jobim,Latin,389642,6.49,4.61
408,Free Speech For The Dumb,Garage Inc. (Disc 1),Metallica,Metal,155428,2.59,2.05
409,It's Electric,Garage Inc. (Disc 1),Metallica,Metal,213995,3.57,3.05
410,Sabbra Cadabra,Garage Inc. (Disc 1),Metallica,Metal,380342,6.34,3.96
411,Turn The Page,Garage Inc. (Disc 1),Metallica,Metal,366524,6.11,3.83
412,Die Die My Darling,Garage Inc. (Disc 1),Metallica,Metal,149315,2.49,1.9
413,Loverman,Garage Inc. (Disc 1),Metallica,Metal,472764,7.88,5.66
414,Mercyful Fate,Garage Inc. (Disc 1),Metallica,Metal,671712,11.2,6.83
415,Astronomy,Garage Inc. (Disc 1),Metallica,Metal,397531,6.63,4.53
416,Whiskey In The Jar,Garage Inc. (Disc 1),Metallica,Metal,305005,5.08,3.47
417,Tuesday's Gone,Garage Inc. (Disc 1),Metallica,Metal,545750,9.1,6.45
418,The More I See,Garage Inc. (Disc 1),Metallica,Metal,287973,4.8,3.42
419,A Kind Of Magic,Greatest Hits II,Queen,Rock,262608,4.38,3.57
420,Under Pressure,Greatest Hits II,Queen,Rock,236617,3.94,2.74
421,Radio GA GA,Greatest Hits II,Queen,Rock,343745,5.73,4.34
422,I Want It All,Greatest Hits II,Queen,Rock,241684,4.03,3.07
423,I Want To Break Free,Greatest Hits II,Queen,Rock,259108,4.32,2.77
424,Innuendo,Greatest Hits II,Queen,Rock,387761,6.46,4.45
425,It's A Hard Life,Greatest Hits II,Queen,Rock,249417,4.16,3.3
426,Breakthru,Greatest Hits II,Queen,Rock,249234,4.15,3.35
427,Who Wants To Live Forever,Greatest Hits II,Queen,Rock,297691,4.96,3.13
428,Headlong,Greatest Hits II,Queen,Rock,273057,4.55,3.71
429,The Miracle,Greatest Hits II,Queen,Rock,294974,4.92,3.28
430,I'm Going Slightly Mad,Greatest Hits II,Queen,Rock,248032,4.13,2.65
431,The Invisible Man,Greatest Hits II,Queen,Rock,238994,3.98,2.83
432,Hammer To Fall,Greatest Hits II,Queen,Rock,220316,3.67,2.22
433,Friends Will Be Friends,Greatest Hits II,Queen,Rock,248920,4.15,3.33
434,The Show Must Go On,Greatest Hits II,Queen,Rock,263784,4.4,3.6
435,One Vision,Greatest Hits II,Queen,Rock,242599,4.04,2.9
436,Detroit Rock City,Greatest Kiss,Kiss,Rock,218880,3.65,2.33
437,Black Diamond,Greatest Kiss,Kiss,Rock,314148,5.24,3.53
438,Hard Luck Woman,Greatest Kiss,Kiss,Rock,216032,3.6,2.28
439,Sure Know Something,Greatest Kiss,Kiss,Rock,242468,4.04,2.57
440,Love Gun,Greatest Kiss,Kiss,Rock,196257,3.27,2.79
441,Deuce,Greatest Kiss,Kiss,Rock,185077,3.08,2.02
442,Goin' Blind,Greatest Kiss,Kiss,Rock,216215,3.6,2.24
443,Shock Me,Greatest Kiss,Kiss,Rock,227291,3.79,2.61
444,Do You Love Me,Greatest Kiss,Kiss,Rock,214987,3.58,3.11
445,She,Greatest Kiss,Kiss,Rock,248346,4.14,3.23
446,I Was Made For Loving You,Greatest Kiss,Kiss,Rock,271360,4.52,3.07
447,Shout It Out Loud,Greatest Kiss,Kiss,Rock,219742,3.66,2.63
448,God Of Thunder,Greatest Kiss,Kiss,Rock,255791,4.26,2.9
449,Calling Dr. Love,Greatest Kiss,Kiss,Rock,225332,3.76,2.9
450,Beth,Greatest Kiss,Kiss,Rock,166974,2.78,1.71
451,Strutter,Greatest Kiss,Kiss,Rock,192496,3.21,2.54
452,Rock And Roll All Nite,Greatest Kiss,Kiss,Rock,173609,2.89,2.44
453,Cold Gin,Greatest Kiss,Kiss,Rock,262243,4.37,3.17
454,Plaster Caster,Greatest Kiss,Kiss,Rock,207333,3.46,2.78
455,God Gave Rock 'n' Roll To You,Greatest Kiss,Kiss,Rock,320444,5.34,3.48
456,Heart of the Night,Heart of the Night,Spyro Gyra,Jazz,273737,4.56,2.76
457,De La Luz,Heart of the Night,Spyro Gyra,Jazz,315219,5.25,4.01
458,Westwood Moon,Heart of the Night,Spyro Gyra,Jazz,295627,4.93,3.28
459,Midnight,Heart of the Night,Spyro Gyra,Jazz,266866,4.45,2.89
460,Playtime,Heart of the Night,Spyro Gyra,Jazz,273580,4.56,2.76
461,Surrender,Heart of the Night,Spyro Gyra,Jazz,287634,4.79,2.92
462,Valentino's,Heart of the Night,Spyro Gyra,Jazz,296124,4.94,3.02
463,Believe,Heart of the Night,Spyro Gyra,Jazz,310778,5.18,3.18
464,As We Sleep,Heart of the Night,Spyro Gyra,Jazz,316865,5.28,3.94
465,When Evening Falls,Heart of the Night,Spyro Gyra,Jazz,298135,4.97,3.57
466,J Squared,Heart of the Night,Spyro Gyra,Jazz,288757,4.81,3.16
467,Best Thing,Heart of the Night,Spyro Gyra,Jazz,274259,4.57,3.09
468,Maria,International Superhits,Green Day,Alternative & Punk,167262,2.79,2.31
469,Poprocks And Coke,International Superhits,Green Day,Alternative & Punk,158354,2.64,2.15
470,Longview,International Superhits,Green Day,Alternative & Punk,234083,3.9,3.09
471,Welcome To Paradise,International Superhits,Green Day,Alternative & Punk,224208,3.74,2.56
472,Basket Case,International Superhits,Green Day,Alternative & Punk,181629,3.03,2
473,When I Come Around,International Superhits,Green Day,Alternative & Punk,178364,2.97,2.51
474,She,International Superhits,Green Day,Alternative & Punk,134164,2.24,1.58
475,J.A.R. (Jason Andrew Relva),International Superhits,Green Day,Alternative & Punk,170997,2.85,2.22
476,Geek Stink Breath,International Superhits,Green Day,Alternative & Punk,135888,2.26,1.82
477,Brain Stew,International Superhits,Green Day,Alternative & Punk,193149,3.22,2.04
478,Jaded,International Superhits,Green Day,Alternative & Punk,90331,1.51,1.29
479,Walking Contradiction,International Superhits,Green Day,Alternative & Punk,151170,2.52,2.06
480,Stuck With Me,International Superhits,Green Day,Alternative & Punk,135523,2.26,1.51
481,Hitchin' A Ride,International Superhits,Green Day,Alternative & Punk,171546,2.86,2.27
482,Good Riddance (Time Of Your Life),International Superhits,Green Day,Alternative & Punk,153600,2.56,1.94
483,Redundant,International Superhits,Green Day,Alternative & Punk,198164,3.3,2.23
484,Nice Guys Finish Last,International Superhits,Green Day,Alternative & Punk,170187,2.84,2.1
485,Minority,International Superhits,Green Day,Alternative & Punk,168803,2.81,2.58
486,Warning,International Superhits,Green Day,Alternative & Punk,221910,3.7,2.23
487,Waiting,International Superhits,Green Day,Alternative & Punk,192757,3.21,2.21
488,Macy's Day Parade,International Superhits,Green Day,Alternative & Punk,213420,3.56,2.19
489,Into The Light,Into The Light,David Coverdale,Rock,76303,1.27,1.46
490,River Song,Into The Light,David Coverdale,Rock,439510,7.33,4.58
491,She Give Me ...,Into The Light,David Coverdale,Rock,252551,4.21,3.48
492,Don't You Cry,Into The Light,David Coverdale,Rock,347036,5.78,3.57
493,Love Is Blind,Into The Light,David Coverdale,Rock,344999,5.75,3.61
494,Slave,Into The Light,David Coverdale,Rock,291892,4.86,3.09
495,Cry For Love,Into The Light,David Coverdale,Rock,293015,4.88,3.5
496,Living On Love,Into The Light,David Coverdale,Rock,391549,6.53,4.6
497,Midnight Blue,Into The Light,David Coverdale,Rock,298631,4.98,3.74
498,Too Many Tears,Into The Light,David Coverdale,Rock,359497,5.99,3.79
499,Don't Lie To Me,Into The Light,David Coverdale,Rock,283585,4.73,3.64
500,Wherever You May Go,Into The Light,David Coverdale,Rock,239699,3.99,2.75
501,Grito De Alerta,Meus Momentos,Gonzaguinha,Latin,202213,3.37,2.84
502,Não Dá Mais Pra Segurar (Explode Coração),Meus Momentos,Gonzaguinha,Latin,219768,3.66,3.15
503,Começaria Tudo Outra Vez,Meus Momentos,Gonzaguinha,Latin,196545,3.28,2.1
504,O Que É O Que É ?,Meus Momentos,Gonzaguinha,Latin,259291,4.32,3.14
505,Sangrando,Meus Momentos,Gonzaguinha,Latin,169717,2.83,2.07
506,"Diga Lá, Coração",Meus Momentos,Gonzaguinha,Latin,255921,4.27,2.96
507,Lindo Lago Do Amor,Meus Momentos,Gonzaguinha,Latin,249678,4.16,2.84
508,Eu Apenas Queria Que Voçê Soubesse,Meus Momentos,Gonzaguinha,Latin,155637,2.59,2.16
509,Com A Perna No Mundo,Meus Momentos,Gonzaguinha,Latin,227448,3.79,3.12
510,E Vamos À Luta,Meus Momentos,Gonzaguinha,Latin,222406,3.71,3.14
511,Um Homem Também Chora (Guerreiro Menino),Meus Momentos,Gonzaguinha,Latin,207229,3.45,2.14
512,Comportamento Geral,Meus Momentos,Gonzaguinha,Latin,181577,3.03,1.96
513,Ponto De Interrogação,Meus Momentos,Gonzaguinha,Latin,180950,3.02,2.36
514,"Espere Por Mim, Morena",Meus Momentos,Gonzaguinha,Latin,207072,3.45,2.39
515,Meia-Lua Inteira,Minha Historia,Chico Buarque,Latin,222093,3.7,3.12
516,Voce e Linda,Minha Historia,Chico Buarque,Latin,242938,4.05,2.78
517,Um Indio,Minha Historia,Chico Buarque,Latin,195944,3.27,2.37
518,Podres Poderes,Minha Historia,Chico Buarque,Latin,259761,4.33,2.63
519,Voce Nao Entende Nada - Cotidiano,Minha Historia,Chico Buarque,Latin,421982,7.03,4.88
520,O Estrangeiro,Minha Historia,Chico Buarque,Latin,374700,6.25,4.31
521,Menino Do Rio,Minha Historia,Chico Buarque,Latin,147670,2.46,1.88
522,Qualquer Coisa,Minha Historia,Chico Buarque,Latin,193410,3.22,2.7
523,Sampa,Minha Historia,Chico Buarque,Latin,185051,3.08,2.25
524,Queixa,Minha Historia,Chico Buarque,Latin,299676,4.99,3.29
525,O Leaozinho,Minha Historia,Chico Buarque,Latin,184398,3.07,2.03
526,Fora Da Ordem,Minha Historia,Chico Buarque,Latin,354011,5.9,4.32
527,Terra,Minha Historia,Chico Buarque,Latin,401319,6.69,4.64
528,"Alegria, Alegria",Minha Historia,Chico Buarque,Latin,169221,2.82,2.32
529,Balada Do Louco,Minha História,Os Mutantes,Alternative & Punk,241057,4.02,2.69
530,Ando Meio Desligado,Minha História,Os Mutantes,Alternative & Punk,287817,4.8,3.77
531,Top Top,Minha História,Os Mutantes,Alternative & Punk,146938,2.45,1.92
532,Baby,Minha História,Os Mutantes,Alternative & Punk,177188,2.95,2.52
533,A E O Z,Minha História,Os Mutantes,Alternative & Punk,518556,8.64,5.73
534,Panis Et Circenses,Minha História,Os Mutantes,Alternative & Punk,125152,2.09,1.45
535,Chão De Estrelas,Minha História,Os Mutantes,Alternative & Punk,284813,4.75,3.33
536,Vida De Cachorro,Minha História,Os Mutantes,Alternative & Punk,195186,3.25,2.1
537,Bat Macumba,Minha História,Os Mutantes,Alternative & Punk,187794,3.13,2.26
538,Desculpe Babe,Minha História,Os Mutantes,Alternative & Punk,170422,2.84,1.92
539,Rita Lee,Minha História,Os Mutantes,Alternative & Punk,189257,3.15,2.2
540,"Posso Perder Minha Mulher, Minha Mãe, Desde Que Eu Tenha O Rock And Roll",Minha História,Os Mutantes,Alternative & Punk,222955,3.72,2.44
541,Banho De Lua,Minha História,Os Mutantes,Alternative & Punk,221831,3.7,2.98
542,Meu Refrigerador Não Funciona,Minha História,Os Mutantes,Alternative & Punk,382981,6.38,4.43
543,Burn,MK III The Final Concerts [Disc 1],Deep Purple,Rock,453955,7.57,4.78
544,Stormbringer,MK III The Final Concerts [Disc 1],Deep Purple,Rock,277133,4.62,3.51
545,Gypsy,MK III The Final Concerts [Disc 1],Deep Purple,Rock,339173,5.65,4.32
546,Lady Double Dealer,MK III The Final Concerts [Disc 1],Deep Purple,Rock,233586,3.89,3.25
547,Mistreated,MK III The Final Concerts [Disc 1],Deep Purple,Rock,758648,12.64,8.19
548,Smoke On The Water,MK III The Final Concerts [Disc 1],Deep Purple,Rock,618031,10.3,7.15
549,You Fool No One,MK III The Final Concerts [Disc 1],Deep Purple,Rock,804101,13.4,8.28
550,Custard Pie,Physical Graffiti [Disc 1],Led Zeppelin,Rock,253962,4.23,3.12
551,The Rover,Physical Graffiti [Disc 1],Led Zeppelin,Rock,337084,5.62,3.92
552,In My Time Of Dying,Physical Graffiti [Disc 1],Led Zeppelin,Rock,666017,11.1,7.55
553,Houses Of The Holy,Physical Graffiti [Disc 1],Led Zeppelin,Rock,242494,4.04,3.26
554,Trampled Under Foot,Physical Graffiti [Disc 1],Led Zeppelin,Rock,336692,5.61,3.84
555,Kashmir,Physical Graffiti [Disc 1],Led Zeppelin,Rock,508604,8.48,5.38
556,Imperatriz,Sambas De Enredo 2001,Various Artists,Latin,339173,5.65,3.79
557,Beija-Flor,Sambas De Enredo 2001,Various Artists,Latin,327000,5.45,4.16
558,Viradouro,Sambas De Enredo 2001,Various Artists,Latin,344320,5.74,3.6
559,Mocidade,Sambas De Enredo 2001,Various Artists,Latin,261720,4.36,3.18
560,Unidos Da Tijuca,Sambas De Enredo 2001,Various Artists,Latin,338834,5.65,4.29
561,Salgueiro,Sambas De Enredo 2001,Various Artists,Latin,305920,5.1,3.54
562,Mangueira,Sambas De Enredo 2001,Various Artists,Latin,298318,4.97,3.07
563,União Da Ilha,Sambas De Enredo 2001,Various Artists,Latin,330945,5.52,3.52
564,Grande Rio,Sambas De Enredo 2001,Various Artists,Latin,307252,5.12,3.95
565,Portela,Sambas De Enredo 2001,Various Artists,Latin,319608,5.33,3.45
566,Caprichosos,Sambas De Enredo 2001,Various Artists,Latin,351320,5.86,3.7
567,Tradição,Sambas De Enredo 2001,Various Artists,Latin,269165,4.49,3
568,Império Serrano,Sambas De Enredo 2001,Various Artists,Latin,334942,5.58,3.97
569,Tuiuti,Sambas De Enredo 2001,Various Artists,Latin,259657,4.33,3.26
570,(Da Le) Yaleo,Supernatural,Santana,Rock,353488,5.89,4.27
571,Love Of My Life,Supernatural,Santana,Rock,347820,5.8,4.4
572,Put Your Lights On,Supernatural,Santana,Rock,285178,4.75,3.17
573,Africa Bamba,Supernatural,Santana,Rock,282827,4.71,3.51
574,Smooth,Supernatural,Santana,Rock,298161,4.97,3.28
575,Do You Like The Way,Supernatural,Santana,Rock,354899,5.91,3.92
576,Maria Maria,Supernatural,Santana,Rock,262635,4.38,3.09
577,Migra,Supernatural,Santana,Rock,329064,5.48,3.83
578,Corazon Espinado,Supernatural,Santana,Rock,276114,4.6,3.21
579,Wishing It Was,Supernatural,Santana,Rock,292832,4.88,3.05
580,El Farol,Supernatural,Santana,Rock,291160,4.85,3.21
581,Primavera,Supernatural,Santana,Rock,378618,6.31,4.65
582,The Calling,Supernatural,Santana,Rock,747755,12.46,8.13
583,Solução,The Best of Ed Motta,Ed Motta,Latin,247431,4.12,2.64
584,Manuel,The Best of Ed Motta,Ed Motta,Latin,230269,3.84,2.73
585,Entre E Ouça,The Best of Ed Motta,Ed Motta,Latin,286302,4.77,3.26
586,Um Contrato Com Deus,The Best of Ed Motta,Ed Motta,Latin,202501,3.38,2.48
587,Um Jantar Pra Dois,The Best of Ed Motta,Ed Motta,Latin,244009,4.07,2.73
588,Vamos Dançar,The Best of Ed Motta,Ed Motta,Latin,226194,3.77,3.13
589,Um Love,The Best of Ed Motta,Ed Motta,Latin,181603,3.03,2.05
590,Seis Da Tarde,The Best of Ed Motta,Ed Motta,Latin,238445,3.97,3.34
591,Baixo Rio,The Best of Ed Motta,Ed Motta,Latin,198008,3.3,2.75
592,Sombras Do Meu Destino,The Best of Ed Motta,Ed Motta,Latin,280685,4.68,3.71
593,Do You Have Other Loves?,The Best of Ed Motta,Ed Motta,Latin,295235,4.92,3.75
594,Agora Que O Dia Acordou,The Best of Ed Motta,Ed Motta,Latin,323213,5.39,3.24
595,Já!!!,The Best of Ed Motta,Ed Motta,Latin,217782,3.63,2.3
596,A Rua,The Best of Ed Motta,Ed Motta,Latin,238027,3.97,2.89
597,Now's The Time,The Essential Miles Davis [Disc 1],Miles Davis,Jazz,197459,3.29,2.04
598,Jeru,The Essential Miles Davis [Disc 1],Miles Davis,Jazz,193410,3.22,2.21
599,Compulsion,The Essential Miles Davis [Disc 1],Miles Davis,Jazz,345025,5.75,3.99
600,Tempus Fugit,The Essential Miles Davis [Disc 1],Miles Davis,Jazz,231784,3.86,3.09
601,Walkin',The Essential Miles Davis [Disc 1],Miles Davis,Jazz,807392,13.46,8.7
602,'Round Midnight,The Essential Miles Davis [Disc 1],Miles Davis,Jazz,357459,5.96,4.13
603,Bye Bye Blackbird,The Essential Miles Davis [Disc 1],Miles Davis,Jazz,476003,7.93,5.13
604,New Rhumba,The Essential Miles Davis [Disc 1],Miles Davis,Jazz,277968,4.63,3.02
605,Generique,The Essential Miles Davis [Disc 1],Miles Davis,Jazz,168777,2.81,2.01
606,Summertime,The Essential Miles Davis [Disc 1],Miles Davis,Jazz,200437,3.34,2.54
607,So What,The Essential Miles Davis [Disc 1],Miles Davis,Jazz,564009,9.4,6.33
608,The Pan Piper,The Essential Miles Davis [Disc 1],Miles Davis,Jazz,233769,3.9,3.09
609,Someday My Prince Will Come,The Essential Miles Davis [Disc 1],Miles Davis,Jazz,544078,9.07,5.7
610,My Funny Valentine (Live),The Essential Miles Davis [Disc 2],Miles Davis,Jazz,907520,15.13,9.37
611,E.S.P.,The Essential Miles Davis [Disc 2],Miles Davis,Jazz,330684,5.51,4
612,Nefertiti,The Essential Miles Davis [Disc 2],Miles Davis,Jazz,473495,7.89,5.43
613,Petits Machins (Little Stuff),The Essential Miles Davis [Disc 2],Miles Davis,Jazz,487392,8.12,5.44
614,Miles Runs The Voodoo Down,The Essential Miles Davis [Disc 2],Miles Davis,Jazz,843964,14.07,8.67
615,Little Church (Live),The Essential Miles Davis [Disc 2],Miles Davis,Jazz,196101,3.27,2.51
616,Black Satin,The Essential Miles Davis [Disc 2],Miles Davis,Jazz,316682,5.28,3.46
617,Jean Pierre (Live),The Essential Miles Davis [Disc 2],Miles Davis,Jazz,243461,4.06,2.66
618,Time After Time,The Essential Miles Davis [Disc 2],Miles Davis,Jazz,220734,3.68,3.11
619,Portia,The Essential Miles Davis [Disc 2],Miles Davis,Jazz,378775,6.31,4.61
620,Space Truckin',The Final Concerts (Disc 2),Deep Purple,Rock,1196094,19.93,12.86
621,Going Down / Highway Star,The Final Concerts (Disc 2),Deep Purple,Rock,913658,15.23,9.89
622,Mistreated (Alternate Version),The Final Concerts (Disc 2),Deep Purple,Rock,854700,14.24,9.1
623,You Fool No One (Alternate Version),The Final Concerts (Disc 2),Deep Purple,Rock,763924,12.73,7.74
624,Jeepers Creepers,Up An' Atom,Gene Krupa,Jazz,185965,3.1,2.18
625,Blue Rythm Fantasy,Up An' Atom,Gene Krupa,Jazz,348212,5.8,4.13
626,Drum Boogie,Up An' Atom,Gene Krupa,Jazz,191555,3.19,2.64
627,Let Me Off Uptown,Up An' Atom,Gene Krupa,Jazz,187637,3.13,2.61
628,Leave Us Leap,Up An' Atom,Gene Krupa,Jazz,182726,3.05,2.06
629,Opus No.1,Up An' Atom,Gene Krupa,Jazz,179800,3.0,1.99
630,Boogie Blues,Up An' Atom,Gene Krupa,Jazz,204199,3.4,2.47
631,How High The Moon,Up An' Atom,Gene Krupa,Jazz,201430,3.36,2.92
632,Disc Jockey Jump,Up An' Atom,Gene Krupa,Jazz,193149,3.22,2.6
633,Up An' Atom,Up An' Atom,Gene Krupa,Jazz,179565,2.99,2.25
634,Bop Boogie,Up An' Atom,Gene Krupa,Jazz,189596,3.16,2.39
635,Lemon Drop,Up An' Atom,Gene Krupa,Jazz,194089,3.23,2.69
636,Coronation Drop,Up An' Atom,Gene Krupa,Jazz,176222,2.94,2.19
637,Overtime,Up An' Atom,Gene Krupa,Jazz,163030,2.72,2.23
638,Imagination,Up An' Atom,Gene Krupa,Jazz,289306,4.82,2.92
639,Don't Take Your Love From Me,Up An' Atom,Gene Krupa,Jazz,282331,4.71,3.78
640,Midget,Up An' Atom,Gene Krupa,Jazz,217025,3.62,2.27
641,I'm Coming Virginia,Up An' Atom,Gene Krupa,Jazz,280163,4.67,2.96
642,Payin' Them Dues Blues,Up An' Atom,Gene Krupa,Jazz,198556,3.31,2.15
643,Jungle Drums,Up An' Atom,Gene Krupa,Jazz,199627,3.33,2.34
644,Showcase,Up An' Atom,Gene Krupa,Jazz,201560,3.36,2.35
645,Swedish Schnapps,Up An' Atom,Gene Krupa,Jazz,191268,3.19,2.35
646,Samba Da Bênção,Vinícius De Moraes - Sem Limite,Toquinho & Vinícius,Bossa Nova,409965,6.83,4.49
647,Pot-Pourri N.º 4,Vinícius De Moraes - Sem Limite,Toquinho & Vinícius,Bossa Nova,392437,6.54,4.05
648,Onde Anda Você,Vinícius De Moraes - Sem Limite,Toquinho & Vinícius,Bossa Nova,168437,2.81,2.2
649,Samba Da Volta,Vinícius De Moraes - Sem Limite,Toquinho & Vinícius,Bossa Nova,170631,2.84,1.74
650,Canto De Ossanha,Vinícius De Moraes - Sem Limite,Toquinho & Vinícius,Bossa Nova,204956,3.42,2.36
651,Pot-Pourri N.º 5,Vinícius De Moraes - Sem Limite,Toquinho & Vinícius,Bossa Nova,219898,3.66,3.01
652,Formosa,Vinícius De Moraes - Sem Limite,Toquinho & Vinícius,Bossa Nova,137482,2.29,2.14
653,Como É Duro Trabalhar,Vinícius De Moraes - Sem Limite,Toquinho & Vinícius,Bossa Nova,226168,3.77,2.7
654,Minha Namorada,Vinícius De Moraes - Sem Limite,Toquinho & Vinícius,Bossa Nova,244297,4.07,2.49
655,Por Que Será,Vinícius De Moraes - Sem Limite,Toquinho & Vinícius,Bossa Nova,162142,2.7,2.57
656,Berimbau,Vinícius De Moraes - Sem Limite,Toquinho & Vinícius,Bossa Nova,190667,3.18,2.08
657,Deixa,Vinícius De Moraes - Sem Limite,Toquinho & Vinícius,Bossa Nova,179826,3.0,2.28
658,Pot-Pourri N.º 2,Vinícius De Moraes - Sem Limite,Toquinho & Vinícius,Bossa Nova,211748,3.53,3.1
659,Samba Em Prelúdio,Vinícius De Moraes - Sem Limite,Toquinho & Vinícius,Bossa Nova,212636,3.54,2.53
660,Carta Ao Tom 74,Vinícius De Moraes - Sem Limite,Toquinho & Vinícius,Bossa Nova,162560,2.71,2.04
661,Linha de Passe (João Bosco),Vozes do MPB,Various Artists,Latin,230948,3.85,3.21
662,Pela Luz dos Olhos Teus (Miúcha e Tom Jobim),Vozes do MPB,Various Artists,Latin,163970,2.73,2.21
663,Chão de Giz (Elba Ramalho),Vozes do MPB,Various Artists,Latin,274834,4.58,3.1
664,Marina (Dorival Caymmi),Vozes do MPB,Various Artists,Latin,172643,2.88,1.91
665,Aquarela (Toquinho),Vozes do MPB,Various Artists,Latin,259944,4.33,2.95
666,Coração do Agreste (Fafá de Belém),Vozes do MPB,Various Artists,Latin,258194,4.3,3.41
667,Dona (Roupa Nova),Vozes do MPB,Various Artists,Latin,243356,4.06,2.73
668,Começaria Tudo Outra Vez (Maria Creuza),Vozes do MPB,Various Artists,Latin,206994,3.45,2.71
669,Caçador de Mim (Sá & Guarabyra),Vozes do MPB,Various Artists,Latin,238341,3.97,3.31
670,Romaria (Renato Teixeira),Vozes do MPB,Various Artists,Latin,244793,4.08,3.03
671,As Rosas Não Falam (Beth Carvalho),Vozes do MPB,Various Artists,Latin,116767,1.95,1.43
672,Wave (Os Cariocas),Vozes do MPB,Various Artists,Latin,130063,2.17,1.68
673,Garota de Ipanema (Dick Farney),Vozes do MPB,Various Artists,Latin,174367,2.91,2.54
674,Preciso Apender a Viver Só (Maysa),Vozes do MPB,Various Artists,Latin,143464,2.39,1.79
675,Susie Q,"Chronicle, Vol. 1",Creedence Clearwater Revival,Rock,275565,4.59,3.24
676,I Put A Spell On You,"Chronicle, Vol. 1",Creedence Clearwater Revival,Rock,272091,4.53,3.57
677,Proud Mary,"Chronicle, Vol. 1",Creedence Clearwater Revival,Rock,189022,3.15,2.58
678,Bad Moon Rising,"Chronicle, Vol. 1",Creedence Clearwater Revival,Rock,140146,2.34,1.51
679,Lodi,"Chronicle, Vol. 1",Creedence Clearwater Revival,Rock,191451,3.19,2.17
680,Green River,"Chronicle, Vol. 1",Creedence Clearwater Revival,Rock,154279,2.57,2.08
681,Commotion,"Chronicle, Vol. 1",Creedence Clearwater Revival,Rock,162899,2.71,2.5
682,Down On The Corner,"Chronicle, Vol. 1",Creedence Clearwater Revival,Rock,164858,2.75,1.68
683,Fortunate Son,"Chronicle, Vol. 1",Creedence Clearwater Revival,Rock,140329,2.34,1.66
684,Travelin' Band,"Chronicle, Vol. 1",Creedence Clearwater Revival,Rock,129358,2.16,1.49
685,Who'll Stop The Rain,"Chronicle, Vol. 1",Creedence Clearwater Revival,Rock,149394,2.49,1.94
686,Up Around The Bend,"Chronicle, Vol. 1",Creedence Clearwater Revival,Rock,162429,2.71,1.7
687,Run Through The Jungle,"Chronicle, Vol. 1",Creedence Clearwater Revival,Rock,186044,3.1,2.26
688,Lookin' Out My Back Door,"Chronicle, Vol. 1",Creedence Clearwater Revival,Rock,152946,2.55,2.11
689,Long As I Can See The Light,"Chronicle, Vol. 1",Creedence Clearwater Revival,Rock,213237,3.55,2.56
690,I Heard It Through The Grapevine,"Chronicle, Vol. 1",Creedence Clearwater Revival,Rock,664894,11.08,7.05
691,Have You Ever Seen The Rain?,"Chronicle, Vol. 1",Creedence Clearwater Revival,Rock,160052,2.67,2.09
692,Hey Tonight,"Chronicle, Vol. 1",Creedence Clearwater Revival,Rock,162847,2.71,2.03
693,Sweet Hitch-Hiker,"Chronicle, Vol. 1",Creedence Clearwater Revival,Rock,175490,2.92,2.27
694,Someday Never Comes,"Chronicle, Vol. 1",Creedence Clearwater Revival,Rock,239360,3.99,2.41
695,Walking On The Water,"Chronicle, Vol. 2",Creedence Clearwater Revival,Rock,281286,4.69,3.57
696,"Suzie-Q, Pt. 2","Chronicle, Vol. 2",Creedence Clearwater Revival,Rock,244114,4.07,3.21
697,Born On The Bayou,"Chronicle, Vol. 2",Creedence Clearwater Revival,Rock,316630,5.28,3.82
698,Good Golly Miss Molly,"Chronicle, Vol. 2",Creedence Clearwater Revival,Rock,163604,2.73,2.27
699,Tombstone Shadow,"Chronicle, Vol. 2",Creedence Clearwater Revival,Rock,218880,3.65,2.8
700,Wrote A Song For Everyone,"Chronicle, Vol. 2",Creedence Clearwater Revival,Rock,296385,4.94,3.07
701,Night Time Is The Right Time,"Chronicle, Vol. 2",Creedence Clearwater Revival,Rock,190119,3.17,1.92
702,Cotton Fields,"Chronicle, Vol. 2",Creedence Clearwater Revival,Rock,178181,2.97,2.75
703,It Came Out Of The Sky,"Chronicle, Vol. 2",Creedence Clearwater Revival,Rock,176718,2.95,2.58
704,Don't Look Now,"Chronicle, Vol. 2",Creedence Clearwater Revival,Rock,131918,2.2,2.15
705,The Midnight Special,"Chronicle, Vol. 2",Creedence Clearwater Revival,Rock,253596,4.23,3.29
706,Before You Accuse Me,"Chronicle, Vol. 2",Creedence Clearwater Revival,Rock,207804,3.46,2.18
707,My Baby Left Me,"Chronicle, Vol. 2",Creedence Clearwater Revival,Rock,140460,2.34,2.21
708,Pagan Baby,"Chronicle, Vol. 2",Creedence Clearwater Revival,Rock,385619,6.43,4.08
709,(Wish I Could) Hideaway,"Chronicle, Vol. 2",Creedence Clearwater Revival,Rock,228466,3.81,2.65
710,It's Just A Thought,"Chronicle, Vol. 2",Creedence Clearwater Revival,Rock,237374,3.96,2.74
711,Molina,"Chronicle, Vol. 2",Creedence Clearwater Revival,Rock,163239,2.72,2
712,Born To Move,"Chronicle, Vol. 2",Creedence Clearwater Revival,Rock,342804,5.71,4.14
713,Lookin' For A Reason,"Chronicle, Vol. 2",Creedence Clearwater Revival,Rock,209789,3.5,2.25
714,Hello Mary Lou,"Chronicle, Vol. 2",Creedence Clearwater Revival,Rock,132832,2.21,1.79
715,Gatas Extraordinárias,Cássia Eller - Coleção Sem Limite [Disc 2],Cássia Eller,Latin,212506,3.54,2.63
716,Brasil,Cássia Eller - Coleção Sem Limite [Disc 2],Cássia Eller,Latin,243696,4.06,3.28
717,Eu Sou Neguinha (Ao Vivo),Cássia Eller - Coleção Sem Limite [Disc 2],Cássia Eller,Latin,251768,4.2,2.54
718,Geração Coca-Cola (Ao Vivo),Cássia Eller - Coleção Sem Limite [Disc 2],Cássia Eller,Latin,228153,3.8,2.58
719,Lanterna Dos Afogados,Cássia Eller - Coleção Sem Limite [Disc 2],Cássia Eller,Latin,204538,3.41,2.76
720,Coroné Antonio Bento,Cássia Eller - Coleção Sem Limite [Disc 2],Cássia Eller,Latin,200437,3.34,2.82
721,"Você Passa, Eu Acho Graça (Ao Vivo)",Cássia Eller - Coleção Sem Limite [Disc 2],Cássia Eller,Latin,206733,3.45,2.76
722,Meu Mundo Fica Completo (Com Você),Cássia Eller - Coleção Sem Limite [Disc 2],Cássia Eller,Latin,247771,4.13,2.86
723,"1° De Julho",Cássia Eller - Coleção Sem Limite [Disc 2],Cássia Eller,Latin,270262,4.5,3.58
724,Música Urbana 2,Cássia Eller - Coleção Sem Limite [Disc 2],Cássia Eller,Latin,194899,3.25,2.01
725,Vida Bandida (Ao Vivo),Cássia Eller - Coleção Sem Limite [Disc 2],Cássia Eller,Latin,192626,3.21,2.55
726,Palavras Ao Vento,Cássia Eller - Coleção Sem Limite [Disc 2],Cássia Eller,Latin,212453,3.54,2.31
727,Não Sei O Que Eu Quero Da Vida,Cássia Eller - Coleção Sem Limite [Disc 2],Cássia Eller,Latin,151849,2.53,1.77
728,Woman Of The World (Ao Vivo),Cássia Eller - Coleção Sem Limite [Disc 2],Cássia Eller,Latin,298919,4.98,3.73
729,Juventude Transviada (Ao Vivo),Cássia Eller - Coleção Sem Limite [Disc 2],Cássia Eller,Latin,278622,4.64,3.69
730,Malandragem,Cássia Eller - Sem Limite [Disc 1],Cássia Eller,Latin,247588,4.13,3.2
731,O Segundo Sol,Cássia Eller - Sem Limite [Disc 1],Cássia Eller,Latin,252133,4.2,2.56
732,Smells Like Teen Spirit (Ao Vivo),Cássia Eller - Sem Limite [Disc 1],Cássia Eller,Latin,316865,5.28,3.94
733,E.C.T.,Cássia Eller - Sem Limite [Disc 1],Cássia Eller,Latin,227500,3.79,2.91
734,Todo Amor Que Houver Nesta Vida,Cássia Eller - Sem Limite [Disc 1],Cássia Eller,Latin,227160,3.79,2.31
735,Metrô. Linha 743,Cássia Eller - Sem Limite [Disc 1],Cássia Eller,Latin,174654,2.91,1.86
736,Nós (Ao Vivo),Cássia Eller - Sem Limite [Disc 1],Cássia Eller,Latin,193828,3.23,2.41
737,Na Cadência Do Samba,Cássia Eller - Sem Limite [Disc 1],Cássia Eller,Latin,196075,3.27,2.61
738,Admirável Gado Novo,Cássia Eller - Sem Limite [Disc 1],Cássia Eller,Latin,274390,4.57,3.49
739,Eleanor Rigby,Cássia Eller - Sem Limite [Disc 1],Cássia Eller,Latin,189466,3.16,2.37
740,Socorro,Cássia Eller - Sem Limite [Disc 1],Cássia Eller,Latin,258586,4.31,3.57
741,Blues Da Piedade,Cássia Eller - Sem Limite [Disc 1],Cássia Eller,Latin,257123,4.29,3.46
742,Rubens,Cássia Eller - Sem Limite [Disc 1],Cássia Eller,Latin,211853,3.53,2.59
743,Não Deixe O Samba Morrer - Cassia Eller e Alcione,Cássia Eller - Sem Limite [Disc 1],Cássia Eller,Latin,268173,4.47,2.85
744,Mis Penas Lloraba Yo (Ao Vivo) Soy Gitano (Tangos),Cássia Eller - Sem Limite [Disc 1],Cássia Eller,Latin,188473,3.14,2.16
745,Comin' Home,Come Taste The Band,Deep Purple,Rock,235781,3.93,2.48
746,Lady Luck,Come Taste The Band,Deep Purple,Rock,168202,2.8,2.2
747,Gettin' Tighter,Come Taste The Band,Deep Purple,Rock,218044,3.63,3.02
748,Dealer,Come Taste The Band,Deep Purple,Rock,230922,3.85,2.33
749,I Need Love,Come Taste The Band,Deep Purple,Rock,263836,4.4,2.67
750,Drifter,Come Taste The Band,Deep Purple,Rock,242834,4.05,2.96
751,Love Child,Come Taste The Band,Deep Purple,Rock,188160,3.14,2.19
752,This Time Around / Owed to 'G' [Instrumental],Come Taste The Band,Deep Purple,Rock,370102,6.17,4.23
753,You Keep On Moving,Come Taste The Band,Deep Purple,Rock,319111,5.32,3.4
754,Speed King,Deep Purple In Rock,Deep Purple,Rock,264385,4.41,3.62
755,Bloodsucker,Deep Purple In Rock,Deep Purple,Rock,256261,4.27,3.05
756,Child In Time,Deep Purple In Rock,Deep Purple,Rock,620460,10.34,6.23
757,Flight Of The Rat,Deep Purple In Rock,Deep Purple,Rock,478302,7.97,4.87
758,Into The Fire,Deep Purple In Rock,Deep Purple,Rock,210259,3.5,2.32
759,Living Wreck,Deep Purple In Rock,Deep Purple,Rock,274886,4.58,3.35
760,Hard Lovin' Man,Deep Purple In Rock,Deep Purple,Rock,431203,7.19,4.82
761,Fireball,Fireball,Deep Purple,Rock,204721,3.41,2.18
762,No No No,Fireball,Deep Purple,Rock,414902,6.92,4.17
763,Strange Kind Of Woman,Fireball,Deep Purple,Rock,247092,4.12,2.96
764,Anyone's Daughter,Fireball,Deep Purple,Rock,284682,4.74,3.64
765,The Mule,Fireball,Deep Purple,Rock,322063,5.37,3.31
766,Fools,Fireball,Deep Purple,Rock,500427,8.34,5.36
767,No One Came,Fireball,Deep Purple,Rock,385880,6.43,4.24
768,Knocking At Your Back Door,Knocking at Your Back Door: The Best Of Deep Purple in the 80's,Deep Purple,Rock,424829,7.08,5.03
769,Bad Attitude,Knocking at Your Back Door: The Best Of Deep Purple in the 80's,Deep Purple,Rock,307905,5.13,3.27
770,Child In Time (Son Of Aleric - Instrumental),Knocking at Your Back Door: The Best Of Deep Purple in the 80's,Deep Purple,Rock,602880,10.05,6.66
771,Nobody's Home,Knocking at Your Back Door: The Best Of Deep Purple in the 80's,Deep Purple,Rock,243017,4.05,2.58
772,Black Night,Knocking at Your Back Door: The Best Of Deep Purple in the 80's,Deep Purple,Rock,368770,6.15,3.74
773,Perfect Strangers,Knocking at Your Back Door: The Best Of Deep Purple in the 80's,Deep Purple,Rock,321149,5.35,3.47
774,The Unwritten Law,Knocking at Your Back Door: The Best Of Deep Purple in the 80's,Deep Purple,Rock,295053,4.92,3.42
775,Call Of The Wild,Knocking at Your Back Door: The Best Of Deep Purple in the 80's,Deep Purple,Rock,293851,4.9,3.43
776,Hush,Knocking at Your Back Door: The Best Of Deep Purple in the 80's,Deep Purple,Rock,213054,3.55,2.96
777,Smoke On The Water,Knocking at Your Back Door: The Best Of Deep Purple in the 80's,Deep Purple,Rock,464378,7.74,5.54
778,Space Trucking,Knocking at Your Back Door: The Best Of Deep Purple in the 80's,Deep Purple,Rock,341185,5.69,3.44
779,Highway Star,Machine Head,Deep Purple,Rock,368770,6.15,3.94
780,Maybe I'm A Leo,Machine Head,Deep Purple,Rock,290455,4.84,3.46
781,Pictures Of Home,Machine Head,Deep Purple,Rock,303777,5.06,3.48
782,Never Before,Machine Head,Deep Purple,Rock,239830,4.0,3.19
783,Smoke On The Water,Machine Head,Deep Purple,Rock,340871,5.68,3.95
784,Lazy,Machine Head,Deep Purple,Rock,442096,7.37,4.85
785,Space Truckin',Machine Head,Deep Purple,Rock,272796,4.55,2.74
786,Vavoom : Ted The Mechanic,Purpendicular,Deep Purple,Rock,257384,4.29,3.39
787,Loosen My Strings,Purpendicular,Deep Purple,Rock,359680,5.99,3.87
788,Soon Forgotten,Purpendicular,Deep Purple,Rock,287791,4.8,2.91
789,Sometimes I Feel Like Screaming,Purpendicular,Deep Purple,Rock,451840,7.53,4.55
790,Cascades : I'm Not Your Lover,Purpendicular,Deep Purple,Rock,283689,4.73,3.08
791,The Aviator,Purpendicular,Deep Purple,Rock,320992,5.35,3.31
792,Rosa's Cantina,Purpendicular,Deep Purple,Rock,312372,5.21,3.68
793,A Castle Full Of Rascals,Purpendicular,Deep Purple,Rock,311693,5.19,3.8
794,A Touch Away,Purpendicular,Deep Purple,Rock,276323,4.61,3.41
795,Hey Cisco,Purpendicular,Deep Purple,Rock,354089,5.9,3.91
796,Somebody Stole My Guitar,Purpendicular,Deep Purple,Rock,249443,4.16,2.91
797,The Purpendicular Waltz,Purpendicular,Deep Purple,Rock,283924,4.73,3.61
798,King Of Dreams,Slaves And Masters,Deep Purple,Rock,328385,5.47,4.12
799,The Cut Runs Deep,Slaves And Masters,Deep Purple,Rock,342752,5.71,4.34
800,Fire In The Basement,Slaves And Masters,Deep Purple,Rock,283977,4.73,3.43
801,Truth Hurts,Slaves And Masters,Deep Purple,Rock,314827,5.25,4.03
802,Breakfast In Bed,Slaves And Masters,Deep Purple,Rock,317126,5.29,3.41
803,Love Conquers All,Slaves And Masters,Deep Purple,Rock,227186,3.79,2.89
804,Fortuneteller,Slaves And Masters,Deep Purple,Rock,349335,5.82,3.83
805,Too Much Is Not Enough,Slaves And Masters,Deep Purple,Rock,257724,4.3,2.76
806,Wicked Ways,Slaves And Masters,Deep Purple,Rock,393691,6.56,4.02
807,Stormbringer,Stormbringer,Deep Purple,Rock,246413,4.11,3.06
808,Love Don't Mean a Thing,Stormbringer,Deep Purple,Rock,263862,4.4,3.33
809,Holy Man,Stormbringer,Deep Purple,Rock,270236,4.5,3.09
810,Hold On,Stormbringer,Deep Purple,Rock,306860,5.11,3.4
811,Lady Double Dealer,Stormbringer,Deep Purple,Rock,201482,3.36,2.84
812,You Can't Do it Right (With the One You Love),Stormbringer,Deep Purple,Rock,203755,3.4,2.86
813,High Ball Shooter,Stormbringer,Deep Purple,Rock,267833,4.46,3.61
814,The Gypsy,Stormbringer,Deep Purple,Rock,242886,4.05,2.95
815,Soldier Of Fortune,Stormbringer,Deep Purple,Rock,193750,3.23,2.54
816,The Battle Rages On,The Battle Rages On,Deep Purple,Rock,356963,5.95,4.52
817,Lick It Up,The Battle Rages On,Deep Purple,Rock,240274,4.0,3.19
818,Anya,The Battle Rages On,Deep Purple,Rock,392437,6.54,4.48
819,Talk About Love,The Battle Rages On,Deep Purple,Rock,247823,4.13,3.34
820,Time To Kill,The Battle Rages On,Deep Purple,Rock,351033,5.85,3.54
821,Ramshackle Man,The Battle Rages On,Deep Purple,Rock,334445,5.57,4.03
822,A Twist In The Tail,The Battle Rages On,Deep Purple,Rock,257462,4.29,3.01
823,Nasty Piece Of Work,The Battle Rages On,Deep Purple,Rock,276662,4.61,3.68
824,Solitaire,The Battle Rages On,Deep Purple,Rock,282226,4.7,3.71
825,One Man's Meat,The Battle Rages On,Deep Purple,Rock,278804,4.65,3.7
826,Pour Some Sugar On Me,Vault: Def Leppard's Greatest Hits,Def Leppard,Rock,292519,4.88,3.56
827,Photograph,Vault: Def Leppard's Greatest Hits,Def Leppard,Rock,248633,4.14,2.84
828,Love Bites,Vault: Def Leppard's Greatest Hits,Def Leppard,Rock,346853,5.78,3.62
829,Let's Get Rocked,Vault: Def Leppard's Greatest Hits,Def Leppard,Rock,296019,4.93,3.28
830,Two Steps Behind [Acoustic Version],Vault: Def Leppard's Greatest Hits,Def Leppard,Rock,259787,4.33,3.39
831,Animal,Vault: Def Leppard's Greatest Hits,Def Leppard,Rock,244741,4.08,3.45
832,Heaven Is,Vault: Def Leppard's Greatest Hits,Def Leppard,Rock,214021,3.57,2.36
833,Rocket,Vault: Def Leppard's Greatest Hits,Def Leppard,Rock,247248,4.12,3.05
834,When Love & Hate Collide,Vault: Def Leppard's Greatest Hits,Def Leppard,Rock,257280,4.29,2.73
835,Action,Vault: Def Leppard's Greatest Hits,Def Leppard,Rock,220604,3.68,2.73
836,Make Love Like A Man,Vault: Def Leppard's Greatest Hits,Def Leppard,Rock,255660,4.26,3.11
837,Armageddon It,Vault: Def Leppard's Greatest Hits,Def Leppard,Rock,322455,5.37,3.25
838,Have You Ever Needed Someone So Bad,Vault: Def Leppard's Greatest Hits,Def Leppard,Rock,319320,5.32,3.69
839,Rock Of Ages,Vault: Def Leppard's Greatest Hits,Def Leppard,Rock,248424,4.14,3.3
840,Hysteria,Vault: Def Leppard's Greatest Hits,Def Leppard,Rock,355056,5.92,4.53
841,Bringin' On The Heartbreak,Vault: Def Leppard's Greatest Hits,Def Leppard,Rock,272457,4.54,2.78
842,Roll Call,Outbreak,Dennis Chambers,Jazz,321358,5.36,3.92
843,Otay,Outbreak,Dennis Chambers,Jazz,423653,7.06,5.06
844,Groovus Interruptus,Outbreak,Dennis Chambers,Jazz,319373,5.32,3.45
845,Paris On Mine,Outbreak,Dennis Chambers,Jazz,368875,6.15,3.81
846,In Time,Outbreak,Dennis Chambers,Jazz,368953,6.15,4.04
847,Plan B,Outbreak,Dennis Chambers,Jazz,272039,4.53,3.63
848,Outbreak,Outbreak,Dennis Chambers,Jazz,659226,10.99,7.48
849,"Baltimore, DC",Outbreak,Dennis Chambers,Jazz,346932,5.78,4.41
850,Talkin Loud and Saying Nothin,Outbreak,Dennis Chambers,Jazz,360411,6.01,4.35
851,Pétala,Djavan Ao Vivo - Vol. 02,Djavan,Latin,270080,4.5,3.16
852,Meu Bem-Querer,Djavan Ao Vivo - Vol. 02,Djavan,Latin,255608,4.26,3.24
853,Cigano,Djavan Ao Vivo - Vol. 02,Djavan,Latin,304692,5.08,3.57
854,Boa Noite,Djavan Ao Vivo - Vol. 02,Djavan,Latin,338755,5.65,4.37
855,Fato Consumado,Djavan Ao Vivo - Vol. 02,Djavan,Latin,211565,3.53,2.21
856,Faltando Um Pedaço,Djavan Ao Vivo - Vol. 02,Djavan,Latin,267728,4.46,3.27
857,Álibi,Djavan Ao Vivo - Vol. 02,Djavan,Latin,213237,3.55,2.7
858,Esquinas,Djavan Ao Vivo - Vol. 02,Djavan,Latin,280999,4.68,2.87
859,Se...,Djavan Ao Vivo - Vol. 02,Djavan,Latin,286432,4.77,3.56
860,Eu Te Devoro,Djavan Ao Vivo - Vol. 02,Djavan,Latin,311614,5.19,4.1
861,Lilás,Djavan Ao Vivo - Vol. 02,Djavan,Latin,274181,4.57,3.08
862,Acelerou,Djavan Ao Vivo - Vol. 02,Djavan,Latin,284081,4.73,3.78
863,Um Amor Puro,Djavan Ao Vivo - Vol. 02,Djavan,Latin,327784,5.46,3.64
864,Samurai,Djavan Ao Vivo - Vol. 1,Djavan,Latin,330997,5.52,3.35
865,Nem Um Dia,Djavan Ao Vivo - Vol. 1,Djavan,Latin,337423,5.62,4.13
866,Oceano,Djavan Ao Vivo - Vol. 1,Djavan,Latin,217338,3.62,2.53
867,Açai,Djavan Ao Vivo - Vol. 1,Djavan,Latin,270968,4.52,2.94
868,Serrado,Djavan Ao Vivo - Vol. 1,Djavan,Latin,295314,4.92,3.82
869,Flor De Lis,Djavan Ao Vivo - Vol. 1,Djavan,Latin,236355,3.94,2.79
870,Amar É Tudo,Djavan Ao Vivo - Vol. 1,Djavan,Latin,211617,3.53,2.19
871,Azul,Djavan Ao Vivo - Vol. 1,Djavan,Latin,253962,4.23,3.02
872,Seduzir,Djavan Ao Vivo - Vol. 1,Djavan,Latin,277524,4.63,3.63
873,A Carta,Djavan Ao Vivo - Vol. 1,Djavan,Latin,347297,5.79,4.24
874,Sina,Djavan Ao Vivo - Vol. 1,Djavan,Latin,268173,4.47,3.03
875,Acelerou,Djavan Ao Vivo - Vol. 1,Djavan,Latin,284133,4.74,3.77
876,Um Amor Puro,Djavan Ao Vivo - Vol. 1,Djavan,Latin,327105,5.45,3.38
877,O Bêbado e a Equilibrista,Elis Regina-Minha História,Elis Regina,Latin,223059,3.72,2.26
878,O Mestre-Sala dos Mares,Elis Regina-Minha História,Elis Regina,Latin,186226,3.1,1.9
879,Atrás da Porta,Elis Regina-Minha História,Elis Regina,Latin,166608,2.78,1.88
880,"Dois Pra Lá, Dois Pra Cá",Elis Regina-Minha História,Elis Regina,Latin,263026,4.38,2.85
881,Casa no Campo,Elis Regina-Minha História,Elis Regina,Latin,170788,2.85,2.61
882,Romaria,Elis Regina-Minha História,Elis Regina,Latin,242834,4.05,3.14
883,"Alô, Alô, Marciano",Elis Regina-Minha História,Elis Regina,Latin,241397,4.02,3.2
884,Me Deixas Louca,Elis Regina-Minha História,Elis Regina,Latin,214831,3.58,2.85
885,Fascinação,Elis Regina-Minha História,Elis Regina,Latin,180793,3.01,2.72
886,Saudosa Maloca,Elis Regina-Minha História,Elis Regina,Latin,278125,4.64,3.15
887,As Aparências Enganam,Elis Regina-Minha História,Elis Regina,Latin,247379,4.12,3.12
888,Madalena,Elis Regina-Minha História,Elis Regina,Latin,157387,2.62,1.67
889,Maria Rosa,Elis Regina-Minha História,Elis Regina,Latin,232803,3.88,2.77
890,Aprendendo A Jogar,Elis Regina-Minha História,Elis Regina,Latin,290664,4.84,3.62
891,Layla,The Cream Of Clapton,Eric Clapton,Blues,430733,7.18,4.62
892,Badge,The Cream Of Clapton,Eric Clapton,Blues,163552,2.73,2.49
893,I Feel Free,The Cream Of Clapton,Eric Clapton,Blues,174576,2.91,2.11
894,Sunshine Of Your Love,The Cream Of Clapton,Eric Clapton,Blues,252891,4.21,3.49
895,Crossroads,The Cream Of Clapton,Eric Clapton,Blues,253335,4.22,3.01
896,Strange Brew,The Cream Of Clapton,Eric Clapton,Blues,167810,2.8,2.24
897,White Room,The Cream Of Clapton,Eric Clapton,Blues,301583,5.03,3.43
898,Bell Bottom Blues,The Cream Of Clapton,Eric Clapton,Blues,304744,5.08,3.08
899,Cocaine,The Cream Of Clapton,Eric Clapton,Blues,215928,3.6,2.19
900,I Shot The Sheriff,The Cream Of Clapton,Eric Clapton,Blues,263862,4.4,3.28
901,After Midnight,The Cream Of Clapton,Eric Clapton,Blues,191320,3.19,2.54
902,Swing Low Sweet Chariot,The Cream Of Clapton,Eric Clapton,Blues,208143,3.47,2.75
903,Lay Down Sally,The Cream Of Clapton,Eric Clapton,Blues,231732,3.86,3.12
904,Knockin On Heavens Door,The Cream Of Clapton,Eric Clapton,Blues,264411,4.41,2.68
905,Wonderful Tonight,The Cream Of Clapton,Eric Clapton,Blues,221387,3.69,3.02
906,Let It Grow,The Cream Of Clapton,Eric Clapton,Blues,297064,4.95,3.23
907,Promises,The Cream Of Clapton,Eric Clapton,Blues,180401,3.01,2.13
908,I Can't Stand It,The Cream Of Clapton,Eric Clapton,Blues,249730,4.16,3.02
909,Signe,Unplugged,Eric Clapton,Blues,193515,3.23,2.02
910,Before You Accuse Me,Unplugged,Eric Clapton,Blues,224339,3.74,3
911,Hey Hey,Unplugged,Eric Clapton,Blues,196466,3.27,2.37
912,Tears In Heaven,Unplugged,Eric Clapton,Blues,274729,4.58,2.9
913,Lonely Stranger,Unplugged,Eric Clapton,Blues,328724,5.48,3.34
914,Nobody Knows You When You're Down & Out,Unplugged,Eric Clapton,Blues,231836,3.86,3.09
915,Layla,Unplugged,Eric Clapton,Blues,285387,4.76,3.73
916,Running On Faith,Unplugged,Eric Clapton,Blues,378984,6.32,3.79
917,Walkin' Blues,Unplugged,Eric Clapton,Blues,226429,3.77,2.73
918,Alberta,Unplugged,Eric Clapton,Blues,222406,3.71,2.58
919,San Francisco Bay Blues,Unplugged,Eric Clapton,Blues,203363,3.39,2.07
920,Malted Milk,Unplugged,Eric Clapton,Blues,216528,3.61,2.32
921,Old Love,Unplugged,Eric Clapton,Blues,472920,7.88,5.35
922,Rollin' And Tumblin',Unplugged,Eric Clapton,Blues,251768,4.2,3.21
923,Collision,Album Of The Year,Faith No More,Alternative & Punk,204303,3.41,2.65
924,Stripsearch,Album Of The Year,Faith No More,Alternative & Punk,270106,4.5,3.01
925,Last Cup Of Sorrow,Album Of The Year,Faith No More,Alternative & Punk,251663,4.19,3.35
926,Naked In Front Of The Computer,Album Of The Year,Faith No More,Alternative & Punk,128757,2.15,1.7
927,Helpless,Album Of The Year,Faith No More,Alternative & Punk,326217,5.44,3.75
928,Mouth To Mouth,Album Of The Year,Faith No More,Alternative & Punk,228493,3.81,2.7
929,Ashes To Ashes,Album Of The Year,Faith No More,Alternative & Punk,217391,3.62,2.53
930,She Loves Me Not,Album Of The Year,Faith No More,Alternative & Punk,209867,3.5,2.21
931,Got That Feeling,Album Of The Year,Faith No More,Alternative & Punk,140852,2.35,1.94
932,Paths Of Glory,Album Of The Year,Faith No More,Alternative & Punk,257253,4.29,2.73
933,Home Sick Home,Album Of The Year,Faith No More,Alternative & Punk,119040,1.98,1.88
934,Pristina,Album Of The Year,Faith No More,Alternative & Punk,232698,3.88,2.42
935,Land Of Sunshine,Angel Dust,Faith No More,Alternative & Punk,223921,3.73,2.34
936,Caffeine,Angel Dust,Faith No More,Alternative & Punk,267937,4.47,3.33
937,Midlife Crisis,Angel Dust,Faith No More,Alternative & Punk,263235,4.39,3.53
938,RV,Angel Dust,Faith No More,Alternative & Punk,223242,3.72,3.18
939,Smaller And Smaller,Angel Dust,Faith No More,Alternative & Punk,310831,5.18,3.39
940,Everything's Ruined,Angel Dust,Faith No More,Alternative & Punk,273658,4.56,2.76
941,Malpractice,Angel Dust,Faith No More,Alternative & Punk,241371,4.02,2.87
942,Kindergarten,Angel Dust,Faith No More,Alternative & Punk,270680,4.51,3.32
943,Be Aggressive,Angel Dust,Faith No More,Alternative & Punk,222432,3.71,2.26
944,A Small Victory,Angel Dust,Faith No More,Alternative & Punk,297168,4.95,3.62
945,Crack Hitler,Angel Dust,Faith No More,Alternative & Punk,279144,4.65,2.8
946,Jizzlobber,Angel Dust,Faith No More,Alternative & Punk,398341,6.64,4.6
947,Midnight Cowboy,Angel Dust,Faith No More,Alternative & Punk,251924,4.2,2.77
948,Easy,Angel Dust,Faith No More,Alternative & Punk,185835,3.1,2.21
949,Get Out,King For A Day Fool For A Lifetime,Faith No More,Rock,137482,2.29,1.68
950,Ricochet,King For A Day Fool For A Lifetime,Faith No More,Rock,269400,4.49,2.82
951,Evidence,King For A Day Fool For A Lifetime,Faith No More,Rock,293590,4.89,3.56
952,The Gentle Art Of Making Enemies,King For A Day Fool For A Lifetime,Faith No More,Rock,209319,3.49,2.94
953,Star A.D.,King For A Day Fool For A Lifetime,Faith No More,Rock,203807,3.4,2.49
954,Cuckoo For Caca,King For A Day Fool For A Lifetime,Faith No More,Rock,222902,3.72,2.74
955,Caralho Voador,King For A Day Fool For A Lifetime,Faith No More,Rock,242102,4.04,3.06
956,Ugly In The Morning,King For A Day Fool For A Lifetime,Faith No More,Rock,186435,3.11,2.19
957,Digging The Grave,King For A Day Fool For A Lifetime,Faith No More,Rock,185129,3.09,2.77
958,Take This Bottle,King For A Day Fool For A Lifetime,Faith No More,Rock,298997,4.98,3.42
959,King For A Day,King For A Day Fool For A Lifetime,Faith No More,Rock,395859,6.6,4.32
960,What A Day,King For A Day Fool For A Lifetime,Faith No More,Rock,158275,2.64,1.8
961,The Last To Know,King For A Day Fool For A Lifetime,Faith No More,Rock,267833,4.46,3.61
962,Just A Man,King For A Day Fool For A Lifetime,Faith No More,Rock,336666,5.61,4.04
963,Absolute Zero,King For A Day Fool For A Lifetime,Faith No More,Rock,181995,3.03,1.99
964,From Out Of Nowhere,The Real Thing,Faith No More,Alternative & Punk,202527,3.38,2.74
965,Epic,The Real Thing,Faith No More,Alternative & Punk,294008,4.9,3.33
966,Falling To Pieces,The Real Thing,Faith No More,Alternative & Punk,316055,5.27,4.14
967,Surprise! You're Dead!,The Real Thing,Faith No More,Alternative & Punk,147226,2.45,2.23
968,Zombie Eaters,The Real Thing,Faith No More,Alternative & Punk,360881,6.01,4.27
969,The Real Thing,The Real Thing,Faith No More,Alternative & Punk,493635,8.23,5.23
970,Underwater Love,The Real Thing,Faith No More,Alternative & Punk,231993,3.87,2.9
971,The Morning After,The Real Thing,Faith No More,Alternative & Punk,223764,3.73,2.72
972,Woodpecker From Mars,The Real Thing,Faith No More,Alternative & Punk,340532,5.68,3.96
973,War Pigs,The Real Thing,Faith No More,Alternative & Punk,464770,7.75,5.46
974,Edge Of The World,The Real Thing,Faith No More,Alternative & Punk,250357,4.17,3.4
975,Deixa Entrar,Deixa Entrar,Falamansa,Latin,33619,0.56,0.7
976,Falamansa Song,Deixa Entrar,Falamansa,Latin,237165,3.95,2.69
977,Xote Dos Milagres,Deixa Entrar,Falamansa,Latin,269557,4.49,3.2
978,Rindo À Toa,Deixa Entrar,Falamansa,Latin,222066,3.7,2.53
979,Confidência,Deixa Entrar,Falamansa,Latin,222197,3.7,2.77
980,Forró De Tóquio,Deixa Entrar,Falamansa,Latin,169273,2.82,2.66
981,Zeca Violeiro,Deixa Entrar,Falamansa,Latin,143673,2.39,2.21
982,Avisa,Deixa Entrar,Falamansa,Latin,355030,5.92,3.61
983,Principiando/Decolagem,Deixa Entrar,Falamansa,Latin,116767,1.95,1.22
984,Asas,Deixa Entrar,Falamansa,Latin,231915,3.87,2.64
985,Medo De Escuro,Deixa Entrar,Falamansa,Latin,213760,3.56,3.02
986,Oração,Deixa Entrar,Falamansa,Latin,271072,4.52,3.56
987,Minha Gata,Deixa Entrar,Falamansa,Latin,181838,3.03,2.32
988,Desaforo,Deixa Entrar,Falamansa,Latin,174524,2.91,1.77
989,In Your Honor,In Your Honor [Disc 1],Foo Fighters,Rock,230191,3.84,2.9
990,No Way Back,In Your Honor [Disc 1],Foo Fighters,Rock,196675,3.28,2.22
991,Best Of You,In Your Honor [Disc 1],Foo Fighters,Rock,255712,4.26,2.86
992,DOA,In Your Honor [Disc 1],Foo Fighters,Rock,252186,4.2,2.86
993,Hell,In Your Honor [Disc 1],Foo Fighters,Rock,117080,1.95,2.09
994,The Last Song,In Your Honor [Disc 1],Foo Fighters,Rock,199523,3.33,2.43
995,Free Me,In Your Honor [Disc 1],Foo Fighters,Rock,278700,4.64,3.21
996,Resolve,In Your Honor [Disc 1],Foo Fighters,Rock,288731,4.81,3.22
997,The Deepest Blues Are Black,In Your Honor [Disc 1],Foo Fighters,Rock,238419,3.97,2.77
998,End Over End,In Your Honor [Disc 1],Foo Fighters,Rock,352078,5.87,4.21
999,Still,In Your Honor [Disc 2],Foo Fighters,Rock,313182,5.22,3.93
1000,What If I Do?,In Your Honor [Disc 2],Foo Fighters,Rock,302994,5.05,3.35
1001,Miracle,In Your Honor [Disc 2],Foo Fighters,Rock,209684,3.49,2.41
1002,Another Round,In Your Honor [Disc 2],Foo Fighters,Rock,265848,4.43,2.96
1003,Friend Of A Friend,In Your Honor [Disc 2],Foo Fighters,Rock,193280,3.22,2.49
1004,Over And Out,In Your Honor [Disc 2],Foo Fighters,Rock,316264,5.27,3.4
1005,On The Mend,In Your Honor [Disc 2],Foo Fighters,Rock,271908,4.53,2.82
1006,Virginia Moon,In Your Honor [Disc 2],Foo Fighters,Rock,229198,3.82,3.26
1007,Cold Day In The Sun,In Your Honor [Disc 2],Foo Fighters,Rock,200724,3.35,2.5
1008,Razor,In Your Honor [Disc 2],Foo Fighters,Rock,293276,4.89,3.79
1009,All My Life,One By One,Foo Fighters,Alternative & Punk,263653,4.39,3.13
1010,Low,One By One,Foo Fighters,Alternative & Punk,268120,4.47,2.94
1011,Have It All,One By One,Foo Fighters,Alternative & Punk,298057,4.97,3.92
1012,Times Like These,One By One,Foo Fighters,Alternative & Punk,266370,4.44,3.06
1013,Disenchanted Lullaby,One By One,Foo Fighters,Alternative & Punk,273528,4.56,3.02
1014,Tired Of You,One By One,Foo Fighters,Alternative & Punk,311353,5.19,3.83
1015,Halo,One By One,Foo Fighters,Alternative & Punk,306442,5.11,3.07
1016,Lonely As You,One By One,Foo Fighters,Alternative & Punk,277185,4.62,3.71
1017,Overdrive,One By One,Foo Fighters,Alternative & Punk,270550,4.51,3.46
1018,Burn Away,One By One,Foo Fighters,Alternative & Punk,298396,4.97,3.53
1019,Come Back,One By One,Foo Fighters,Alternative & Punk,469968,7.83,5.51
1020,Doll,The Colour And The Shape,Foo Fighters,Rock,83487,1.39,1.57
1021,Monkey Wrench,The Colour And The Shape,Foo Fighters,Rock,231523,3.86,2.32
1022,"Hey, Johnny Park!",The Colour And The Shape,Foo Fighters,Rock,248528,4.14,2.58
1023,My Poor Brain,The Colour And The Shape,Foo Fighters,Rock,213446,3.56,2.68
1024,Wind Up,The Colour And The Shape,Foo Fighters,Rock,152163,2.54,1.95
1025,Up In Arms,The Colour And The Shape,Foo Fighters,Rock,135732,2.26,1.79
1026,My Hero,The Colour And The Shape,Foo Fighters,Rock,260101,4.34,3.24
1027,See You,The Colour And The Shape,Foo Fighters,Rock,146782,2.45,1.87
1028,Enough Space,The Colour And The Shape,Foo Fighters,Rock,157387,2.62,1.76
1029,February Stars,The Colour And The Shape,Foo Fighters,Rock,289306,4.82,3.31
1030,Everlong,The Colour And The Shape,Foo Fighters,Rock,250749,4.18,3.35
1031,Walking After You,The Colour And The Shape,Foo Fighters,Rock,303856,5.06,3.21
1032,New Way Home,The Colour And The Shape,Foo Fighters,Rock,342230,5.7,4.3
1033,My Way,My Way: The Best Of Frank Sinatra [Disc 1],Frank Sinatra,Easy Listening,275879,4.6,3.69
1034,Strangers In The Night,My Way: The Best Of Frank Sinatra [Disc 1],Frank Sinatra,Easy Listening,155794,2.6,1.75
1035,"New York, New York",My Way: The Best Of Frank Sinatra [Disc 1],Frank Sinatra,Easy Listening,206001,3.43,2.64
1036,I Get A Kick Out Of You,My Way: The Best Of Frank Sinatra [Disc 1],Frank Sinatra,Easy Listening,194429,3.24,2.12
1037,Something Stupid,My Way: The Best Of Frank Sinatra [Disc 1],Frank Sinatra,Easy Listening,158615,2.64,2.09
1038,Moon River,My Way: The Best Of Frank Sinatra [Disc 1],Frank Sinatra,Easy Listening,198922,3.32,2.31
1039,What Now My Love,My Way: The Best Of Frank Sinatra [Disc 1],Frank Sinatra,Easy Listening,149995,2.5,2.07
1040,Summer Love,My Way: The Best Of Frank Sinatra [Disc 1],Frank Sinatra,Easy Listening,174994,2.92,2.48
1041,For Once In My Life,My Way: The Best Of Frank Sinatra [Disc 1],Frank Sinatra,Easy Listening,171154,2.85,1.71
1042,Love And Marriage,My Way: The Best Of Frank Sinatra [Disc 1],Frank Sinatra,Easy Listening,89730,1.5,1.24
1043,They Can't Take That Away From Me,My Way: The Best Of Frank Sinatra [Disc 1],Frank Sinatra,Easy Listening,161227,2.69,2.59
1044,My Kind Of Town,My Way: The Best Of Frank Sinatra [Disc 1],Frank Sinatra,Easy Listening,188499,3.14,2.46
1045,Fly Me To The Moon,My Way: The Best Of Frank Sinatra [Disc 1],Frank Sinatra,Easy Listening,149263,2.49,1.9
1046,I've Got You Under My Skin,My Way: The Best Of Frank Sinatra [Disc 1],Frank Sinatra,Easy Listening,210808,3.51,2.89
1047,The Best Is Yet To Come,My Way: The Best Of Frank Sinatra [Disc 1],Frank Sinatra,Easy Listening,173583,2.89,1.79
1048,It Was A Very Good Year,My Way: The Best Of Frank Sinatra [Disc 1],Frank Sinatra,Easy Listening,266605,4.44,3.48
1049,Come Fly With Me,My Way: The Best Of Frank Sinatra [Disc 1],Frank Sinatra,Easy Listening,190458,3.17,2.74
1050,That's Life,My Way: The Best Of Frank Sinatra [Disc 1],Frank Sinatra,Easy Listening,187010,3.12,2.26
1051,The Girl From Ipanema,My Way: The Best Of Frank Sinatra [Disc 1],Frank Sinatra,Easy Listening,193750,3.23,2.88
1052,The Lady Is A Tramp,My Way: The Best Of Frank Sinatra [Disc 1],Frank Sinatra,Easy Listening,184111,3.07,2.17
1053,"Bad, Bad Leroy Brown",My Way: The Best Of Frank Sinatra [Disc 1],Frank Sinatra,Easy Listening,169900,2.83,2.08
1054,Mack The Knife,My Way: The Best Of Frank Sinatra [Disc 1],Frank Sinatra,Easy Listening,292075,4.87,3.2
1055,Loves Been Good To Me,My Way: The Best Of Frank Sinatra [Disc 1],Frank Sinatra,Easy Listening,203964,3.4,2.4
1056,L.A. Is My Lady,My Way: The Best Of Frank Sinatra [Disc 1],Frank Sinatra,Easy Listening,193175,3.22,2.36
1057,Entrando Na Sua (Intro),Roda De Funk,Funk Como Le Gusta,Latin,179252,2.99,2.14
1058,Nervosa,Roda De Funk,Funk Como Le Gusta,Latin,229537,3.83,2.92
1059,Funk De Bamba (Com Fernanda Abreu),Roda De Funk,Funk Como Le Gusta,Latin,237191,3.95,2.89
1060,Call Me At Cleo´s,Roda De Funk,Funk Como Le Gusta,Latin,236617,3.94,2.67
1061,Olhos Coloridos (Com Sandra De Sá),Roda De Funk,Funk Como Le Gusta,Latin,321332,5.36,3.66
1062,Zambação,Roda De Funk,Funk Como Le Gusta,Latin,301113,5.02,3.72
1063,Funk Hum,Roda De Funk,Funk Como Le Gusta,Latin,244453,4.07,2.66
1064,Forty Days (Com DJ Hum),Roda De Funk,Funk Como Le Gusta,Latin,221727,3.7,3.02
1065,Balada Da Paula,Roda De Funk,Funk Como Le Gusta,Latin,322821,5.38,3.97
1066,Dujji,Roda De Funk,Funk Como Le Gusta,Latin,324597,5.41,3.57
1067,Meu Guarda-Chuva,Roda De Funk,Funk Como Le Gusta,Latin,248528,4.14,2.61
1068,Motéis,Roda De Funk,Funk Como Le Gusta,Latin,213498,3.56,2.47
1069,Whistle Stop,Roda De Funk,Funk Como Le Gusta,Latin,526132,8.77,5.96
1070,"16 Toneladas",Roda De Funk,Funk Como Le Gusta,Latin,191634,3.19,2.24
1071,Divirta-Se (Saindo Da Sua),Roda De Funk,Funk Como Le Gusta,Latin,74919,1.25,1.13
1072,Forty Days Instrumental,Roda De Funk,Funk Como Le Gusta,Latin,292493,4.87,3.28
1073,Óia Eu Aqui De Novo,As Canções de Eu Tu Eles,Gilberto Gil,Soundtrack,219454,3.66,2.53
1074,Baião Da Penha,As Canções de Eu Tu Eles,Gilberto Gil,Soundtrack,247928,4.13,3.17
1075,Esperando Na Janela,As Canções de Eu Tu Eles,Gilberto Gil,Soundtrack,261041,4.35,3.1
1076,Juazeiro,As Canções de Eu Tu Eles,Gilberto Gil,Soundtrack,222275,3.7,2.95
1077,Último Pau-De-Arara,As Canções de Eu Tu Eles,Gilberto Gil,Soundtrack,200437,3.34,3
1078,Asa Branca,As Canções de Eu Tu Eles,Gilberto Gil,Soundtrack,217051,3.62,3.1
1079,Qui Nem Jiló,As Canções de Eu Tu Eles,Gilberto Gil,Soundtrack,204695,3.41,2.99
1080,Assum Preto,As Canções de Eu Tu Eles,Gilberto Gil,Soundtrack,199653,3.33,2.13
1081,Pau-De-Arara,As Canções de Eu Tu Eles,Gilberto Gil,Soundtrack,191660,3.19,2.24
1082,A Volta Da Asa Branca,As Canções de Eu Tu Eles,Gilberto Gil,Soundtrack,271020,4.52,3.66
1083,O Amor Daqui De Casa,As Canções de Eu Tu Eles,Gilberto Gil,Soundtrack,148636,2.48,2.12
1084,As Pegadas Do Amor,As Canções de Eu Tu Eles,Gilberto Gil,Soundtrack,209136,3.49,2.91
1085,Lamento Sertanejo,As Canções de Eu Tu Eles,Gilberto Gil,Soundtrack,260963,4.35,3.06
1086,Casinha Feliz,As Canções de Eu Tu Eles,Gilberto Gil,Soundtrack,32287,0.54,0.66
1087,Introdução (Live),Quanta Gente Veio Ver (Live),Gilberto Gil,Latin,154096,2.57,2.41
1088,Palco (Live),Quanta Gente Veio Ver (Live),Gilberto Gil,Latin,238315,3.97,2.5
1089,Is This Love (Live),Quanta Gente Veio Ver (Live),Gilberto Gil,Latin,295262,4.92,3.01
1090,Stir It Up (Live),Quanta Gente Veio Ver (Live),Gilberto Gil,Latin,282409,4.71,3.44
1091,Refavela (Live),Quanta Gente Veio Ver (Live),Gilberto Gil,Latin,236695,3.94,3.32
1092,Vendedor De Caranguejo (Live),Quanta Gente Veio Ver (Live),Gilberto Gil,Latin,248842,4.15,3.32
1093,Quanta (Live),Quanta Gente Veio Ver (Live),Gilberto Gil,Latin,357485,5.96,4.04
1094,Estrela (Live),Quanta Gente Veio Ver (Live),Gilberto Gil,Latin,285309,4.76,3.11
1095,Pela Internet (Live),Quanta Gente Veio Ver (Live),Gilberto Gil,Latin,263471,4.39,3.13
1096,Cérebro Eletrônico (Live),Quanta Gente Veio Ver (Live),Gilberto Gil,Latin,231627,3.86,3.14
1097,Opachorô (Live),Quanta Gente Veio Ver (Live),Gilberto Gil,Latin,259526,4.33,3.45
1098,Copacabana (Live),Quanta Gente Veio Ver (Live),Gilberto Gil,Latin,289671,4.83,3.53
1099,A Novidade (Live),Quanta Gente Veio Ver (Live),Gilberto Gil,Latin,316969,5.28,4.09
1100,Ghandi (Live),Quanta Gente Veio Ver (Live),Gilberto Gil,Latin,222458,3.71,2.29
1101,De Ouro E Marfim (Live),Quanta Gente Veio Ver (Live),Gilberto Gil,Latin,234971,3.92,3
1102,Doce De Carnaval (Candy All),Quanta Gente Veio ver--Bônus De Carnaval,Gilberto Gil,Jazz,356101,5.94,4.05
1103,Lamento De Carnaval,Quanta Gente Veio ver--Bônus De Carnaval,Gilberto Gil,Jazz,294530,4.91,3.45
1104,Pretinha,Quanta Gente Veio ver--Bônus De Carnaval,Gilberto Gil,Jazz,265273,4.42,2.95
1105,A Novidade,Unplugged,Eric Clapton,Latin,324780,5.41,4.12
1106,Tenho Sede,Unplugged,Eric Clapton,Latin,261616,4.36,2.82
1107,Refazenda,Unplugged,Eric Clapton,Latin,218305,3.64,2.23
1108,Realce,Unplugged,Eric Clapton,Latin,264489,4.41,3.02
1109,Esotérico,Unplugged,Eric Clapton,Latin,317779,5.3,3.34
1110,Drão,Unplugged,Eric Clapton,Latin,301453,5.02,3.84
1111,A Paz,Unplugged,Eric Clapton,Latin,293093,4.88,3.39
1112,Beira Mar,Unplugged,Eric Clapton,Latin,295444,4.92,3.55
1113,Sampa,Unplugged,Eric Clapton,Latin,225697,3.76,2.56
1114,Parabolicamará,Unplugged,Eric Clapton,Latin,284943,4.75,3.8
1115,Tempo Rei,Unplugged,Eric Clapton,Latin,302733,5.05,3.43
1116,Expresso 2222,Unplugged,Eric Clapton,Latin,284760,4.75,2.98
1117,Aquele Abraço,Unplugged,Eric Clapton,Latin,263993,4.4,2.77
1118,Palco,Unplugged,Eric Clapton,Latin,270550,4.51,3.17
1119,Toda Menina Baiana,Unplugged,Eric Clapton,Latin,278177,4.64,2.85
1120,Sítio Do Pica-Pau Amarelo,Unplugged,Eric Clapton,Latin,218070,3.63,2.94
1121,Straight Out Of Line,Faceless,Godsmack,Metal,259213,4.32,3.39
1122,Faceless,Faceless,Godsmack,Metal,216006,3.6,3.15
1123,Changes,Faceless,Godsmack,Metal,260022,4.33,2
1124,Make Me Believe,Faceless,Godsmack,Metal,248607,4.14,3.02
1125,I Stand Alone,Faceless,Godsmack,Metal,246125,4.1,2.99
1126,Re-Align,Faceless,Godsmack,Metal,260884,4.35,2.72
1127,I Fucking Hate You,Faceless,Godsmack,Metal,247170,4.12,3.4
1128,Releasing The Demons,Faceless,Godsmack,Metal,252760,4.21,2.88
1129,Dead And Broken,Faceless,Godsmack,Metal,251454,4.19,2.78
1130,I Am,Faceless,Godsmack,Metal,239516,3.99,3.34
1131,The Awakening,Faceless,Godsmack,Metal,89547,1.49,1.64
1132,Serenity,Faceless,Godsmack,Metal,274834,4.58,3.11
1133,American Idiot,American Idiot,Green Day,Alternative & Punk,174419,2.91,2.69
1134,Jesus Of Suburbia / City Of The Damned / I Don't Care / Dearly Beloved / Tales Of Another Broken Home,American Idiot,Green Day,Alternative & Punk,548336,9.14,5.61
1135,Holiday,American Idiot,Green Day,Alternative & Punk,232724,3.88,3.31
1136,Boulevard Of Broken Dreams,American Idiot,Green Day,Alternative & Punk,260858,4.35,3.15
1137,Are We The Waiting,American Idiot,Green Day,Alternative & Punk,163004,2.72,2.42
1138,St. Jimmy,American Idiot,Green Day,Alternative & Punk,175307,2.92,1.84
1139,Give Me Novacaine,American Idiot,Green Day,Alternative & Punk,205871,3.43,2.3
1140,She's A Rebel,American Idiot,Green Day,Alternative & Punk,120528,2.01,2.08
1141,Extraordinary Girl,American Idiot,Green Day,Alternative & Punk,214021,3.57,2.3
1142,Letterbomb,American Idiot,Green Day,Alternative & Punk,246151,4.1,3.17
1143,Wake Me Up When September Ends,American Idiot,Green Day,Alternative & Punk,285753,4.76,2.94
1144,Homecoming / The Death Of St. Jimmy / East 12th St. / Nobody Likes You / Rock And Roll Girlfriend / We're Coming Home Again,American Idiot,Green Day,Alternative & Punk,558602,9.31,5.6
1145,Whatsername,American Idiot,Green Day,Alternative & Punk,252316,4.21,3.2
1146,Welcome to the Jungle,Appetite for Destruction,Guns N' Roses,Rock,273552,4.56,3.73
1147,It's So Easy,Appetite for Destruction,Guns N' Roses,Rock,202824,3.38,2.38
1148,Nightrain,Appetite for Destruction,Guns N' Roses,Rock,268537,4.48,3.36
1149,Out Ta Get Me,Appetite for Destruction,Guns N' Roses,Rock,263893,4.4,3.05
1150,Mr. Brownstone,Appetite for Destruction,Guns N' Roses,Rock,228924,3.82,2.54
1151,Paradise City,Appetite for Destruction,Guns N' Roses,Rock,406347,6.77,4.99
1152,My Michelle,Appetite for Destruction,Guns N' Roses,Rock,219961,3.67,3.1
1153,Think About You,Appetite for Destruction,Guns N' Roses,Rock,231640,3.86,3.15
1154,Sweet Child O' Mine,Appetite for Destruction,Guns N' Roses,Rock,356424,5.94,3.74
1155,You're Crazy,Appetite for Destruction,Guns N' Roses,Rock,197135,3.29,2.35
1156,Anything Goes,Appetite for Destruction,Guns N' Roses,Rock,206400,3.44,2.72
1157,Rocket Queen,Appetite for Destruction,Guns N' Roses,Rock,375349,6.26,3.87
1158,Right Next Door to Hell,Use Your Illusion I,Guns N' Roses,Rock,182321,3.04,1.97
1159,Dust N' Bones,Use Your Illusion I,Guns N' Roses,Rock,298374,4.97,3.95
1160,Live and Let Die,Use Your Illusion I,Guns N' Roses,Rock,184016,3.07,2.28
1161,Don't Cry (Original),Use Your Illusion I,Guns N' Roses,Rock,284744,4.75,3.8
1162,Perfect Crime,Use Your Illusion I,Guns N' Roses,Rock,143637,2.39,2.21
1163,You Ain't the First,Use Your Illusion I,Guns N' Roses,Rock,156268,2.6,2.46
1164,Bad Obsession,Use Your Illusion I,Guns N' Roses,Rock,328282,5.47,4.22
1165,Back off Bitch,Use Your Illusion I,Guns N' Roses,Rock,303436,5.06,3.88
1166,Double Talkin' Jive,Use Your Illusion I,Guns N' Roses,Rock,203637,3.39,2.58
1167,November Rain,Use Your Illusion I,Guns N' Roses,Rock,537540,8.96,6.22
1168,The Garden,Use Your Illusion I,Guns N' Roses,Rock,322175,5.37,3.51
1169,Garden of Eden,Use Your Illusion I,Guns N' Roses,Rock,161539,2.69,1.73
1170,Don't Damn Me,Use Your Illusion I,Guns N' Roses,Rock,318901,5.32,3.49
1171,Bad Apples,Use Your Illusion I,Guns N' Roses,Rock,268351,4.47,3.36
1172,Dead Horse,Use Your Illusion I,Guns N' Roses,Rock,257600,4.29,3.45
1173,Coma,Use Your Illusion I,Guns N' Roses,Rock,616511,10.28,6.57
1174,Civil War,Use Your Illusion II,Guns N' Roses,Metal,461165,7.69,5.36
1175,"14 Years",Use Your Illusion II,Guns N' Roses,Metal,261355,4.36,2.81
1176,Yesterdays,Use Your Illusion II,Guns N' Roses,Metal,196205,3.27,2.95
1177,Knockin' On Heaven's Door,Use Your Illusion II,Guns N' Roses,Metal,336457,5.61,3.6
1178,Get In The Ring,Use Your Illusion II,Guns N' Roses,Metal,341054,5.68,4.18
1179,Shotgun Blues,Use Your Illusion II,Guns N' Roses,Metal,203206,3.39,2.25
1180,Breakdown,Use Your Illusion II,Guns N' Roses,Metal,424960,7.08,4.9
1181,Pretty Tied Up,Use Your Illusion II,Guns N' Roses,Metal,287477,4.79,3.7
1182,Locomotive,Use Your Illusion II,Guns N' Roses,Metal,522396,8.71,5.67
1183,So Fine,Use Your Illusion II,Guns N' Roses,Metal,246491,4.11,3.18
1184,Estranged,Use Your Illusion II,Guns N' Roses,Metal,563800,9.4,6.51
1185,You Could Be Mine,Use Your Illusion II,Guns N' Roses,Metal,343875,5.73,4.31
1186,Don't Cry,Use Your Illusion II,Guns N' Roses,Metal,284238,4.74,2.95
1187,My World,Use Your Illusion II,Guns N' Roses,Metal,84532,1.41,1.37
1188,Colibri,Blue Moods,Incognito,Jazz,361012,6.02,4.43
1189,Love Is The Colour,Blue Moods,Incognito,Jazz,251585,4.19,2.52
1190,Magnetic Ocean,Blue Moods,Incognito,Jazz,321123,5.35,3.56
1191,Deep Waters,Blue Moods,Incognito,Jazz,396460,6.61,4.28
1192,L'Arc En Ciel De Miles,Blue Moods,Incognito,Jazz,242390,4.04,2.95
1193,Gypsy,Blue Moods,Incognito,Jazz,330997,5.52,4.25
1194,Journey Into Sunlight,Blue Moods,Incognito,Jazz,249756,4.16,3.15
1195,Sunchild,Blue Moods,Incognito,Jazz,259970,4.33,3.23
1196,Millenium,Blue Moods,Incognito,Jazz,379167,6.32,4.08
1197,Thinking 'Bout Tomorrow,Blue Moods,Incognito,Jazz,355395,5.92,4.25
1198,Jacob's Ladder,Blue Moods,Incognito,Jazz,367647,6.13,4.26
1199,She Wears Black,Blue Moods,Incognito,Jazz,528666,8.81,5.98
1200,Dark Side Of The Cog,Blue Moods,Incognito,Jazz,377155,6.29,3.81
1201,Different World,A Matter of Life and Death,Iron Maiden,Rock,258692,4.31,3.55
1202,These Colours Don't Run,A Matter of Life and Death,Iron Maiden,Rock,412152,6.87,4.78
1203,Brighter Than a Thousand Suns,A Matter of Life and Death,Iron Maiden,Rock,526255,8.77,5.65
1204,The Pilgrim,A Matter of Life and Death,Iron Maiden,Rock,307593,5.13,3.24
1205,The Longest Day,A Matter of Life and Death,Iron Maiden,Rock,467810,7.8,5.01
1206,Out of the Shadows,A Matter of Life and Death,Iron Maiden,Rock,336896,5.61,3.74
1207,The Reincarnation of Benjamin Breeg,A Matter of Life and Death,Iron Maiden,Rock,442106,7.37,4.45
1208,For the Greater Good of God,A Matter of Life and Death,Iron Maiden,Rock,564893,9.41,5.78
1209,Lord of Light,A Matter of Life and Death,Iron Maiden,Rock,444614,7.41,5.07
1210,The Legacy,A Matter of Life and Death,Iron Maiden,Rock,562966,9.38,6.52
1211,Hallowed Be Thy Name (Live) [Non Album Bonus Track],A Matter of Life and Death,Iron Maiden,Rock,431262,7.19,4.39
1212,The Number Of The Beast,A Real Dead One,Iron Maiden,Metal,294635,4.91,3.68
1213,The Trooper,A Real Dead One,Iron Maiden,Metal,235311,3.92,2.74
1214,Prowler,A Real Dead One,Iron Maiden,Metal,255634,4.26,3.3
1215,Transylvania,A Real Dead One,Iron Maiden,Metal,265874,4.43,3.6
1216,Remember Tomorrow,A Real Dead One,Iron Maiden,Metal,352731,5.88,3.87
1217,Where Eagles Dare,A Real Dead One,Iron Maiden,Metal,289358,4.82,3.53
1218,Sanctuary,A Real Dead One,Iron Maiden,Metal,293250,4.89,3.33
1219,Running Free,A Real Dead One,Iron Maiden,Metal,228937,3.82,2.48
1220,Run To The Hilss,A Real Dead One,Iron Maiden,Metal,237557,3.96,2.42
1221,"2 Minutes To Midnight",A Real Dead One,Iron Maiden,Metal,337423,5.62,4.27
1222,Iron Maiden,A Real Dead One,Iron Maiden,Metal,324623,5.41,4.02
1223,Hallowed Be Thy Name,A Real Dead One,Iron Maiden,Metal,471849,7.86,5.69
1224,Be Quick Or Be Dead,A Real Live One,Iron Maiden,Metal,196911,3.28,2.59
1225,From Here To Eternity,A Real Live One,Iron Maiden,Metal,259866,4.33,2.79
1226,Can I Play With Madness,A Real Live One,Iron Maiden,Metal,282488,4.71,3.58
1227,Wasting Love,A Real Live One,Iron Maiden,Metal,347846,5.8,4.37
1228,Tailgunner,A Real Live One,Iron Maiden,Metal,249469,4.16,2.81
1229,The Evil That Men Do,A Real Live One,Iron Maiden,Metal,325929,5.43,3.77
1230,Afraid To Shoot Strangers,A Real Live One,Iron Maiden,Metal,407980,6.8,4.73
1231,Bring Your Daughter... To The Slaughter,A Real Live One,Iron Maiden,Metal,317727,5.3,3.53
1232,Heaven Can Wait,A Real Live One,Iron Maiden,Metal,448574,7.48,4.7
1233,The Clairvoyant,A Real Live One,Iron Maiden,Metal,269871,4.5,2.83
1234,Fear Of The Dark,A Real Live One,Iron Maiden,Metal,431333,7.19,4.79
1235,The Wicker Man,Brave New World,Iron Maiden,Rock,275539,4.59,3.66
1236,Ghost Of The Navigator,Brave New World,Iron Maiden,Rock,410070,6.83,4.69
1237,Brave New World,Brave New World,Iron Maiden,Rock,378984,6.32,4.38
1238,Blood Brothers,Brave New World,Iron Maiden,Rock,434442,7.24,4.46
1239,The Mercenary,Brave New World,Iron Maiden,Rock,282488,4.71,2.9
1240,Dream Of Mirrors,Brave New World,Iron Maiden,Rock,561162,9.35,5.83
1241,The Fallen Angel,Brave New World,Iron Maiden,Rock,240718,4.01,2.89
1242,The Nomad,Brave New World,Iron Maiden,Rock,546115,9.1,5.63
1243,Out Of The Silent Planet,Brave New World,Iron Maiden,Rock,385541,6.43,4.27
1244,The Thin Line Between Love & Hate,Brave New World,Iron Maiden,Rock,506801,8.45,5.8
1245,Wildest Dreams,Dance Of Death,Iron Maiden,Heavy Metal,232777,3.88,3.15
1246,Rainmaker,Dance Of Death,Iron Maiden,Heavy Metal,228623,3.81,3.25
1247,No More Lies,Dance Of Death,Iron Maiden,Heavy Metal,441782,7.36,4.72
1248,Montsegur,Dance Of Death,Iron Maiden,Heavy Metal,350484,5.84,3.97
1249,Dance Of Death,Dance Of Death,Iron Maiden,Heavy Metal,516649,8.61,5.53
1250,Gates Of Tomorrow,Dance Of Death,Iron Maiden,Heavy Metal,312032,5.2,3.63
1251,New Frontier,Dance Of Death,Iron Maiden,Heavy Metal,304509,5.08,3.78
1252,Paschendale,Dance Of Death,Iron Maiden,Heavy Metal,508107,8.47,5.86
1253,Face In The Sand,Dance Of Death,Iron Maiden,Heavy Metal,391105,6.52,4.49
1254,Age Of Innocence,Dance Of Death,Iron Maiden,Heavy Metal,370468,6.17,4.57
1255,Journeyman,Dance Of Death,Iron Maiden,Heavy Metal,427023,7.12,4.95
1256,Be Quick Or Be Dead,Fear Of The Dark,Iron Maiden,Rock,204512,3.41,2.92
1257,From Here To Eternity,Fear Of The Dark,Iron Maiden,Rock,218357,3.64,2.44
1258,Afraid To Shoot Strangers,Fear Of The Dark,Iron Maiden,Rock,416496,6.94,4.87
1259,Fear Is The Key,Fear Of The Dark,Iron Maiden,Rock,335307,5.59,4.16
1260,Childhood's End,Fear Of The Dark,Iron Maiden,Rock,280607,4.68,2.87
1261,Wasting Love,Fear Of The Dark,Iron Maiden,Rock,350981,5.85,4.42
1262,The Fugitive,Fear Of The Dark,Iron Maiden,Rock,294112,4.9,3.6
1263,Chains Of Misery,Fear Of The Dark,Iron Maiden,Rock,217443,3.62,2.18
1264,The Apparition,Fear Of The Dark,Iron Maiden,Rock,234605,3.91,2.5
1265,Judas Be My Guide,Fear Of The Dark,Iron Maiden,Rock,188786,3.15,2.7
1266,Weekend Warrior,Fear Of The Dark,Iron Maiden,Rock,339748,5.66,4.03
1267,Fear Of The Dark,Fear Of The Dark,Iron Maiden,Rock,436976,7.28,5.22
1268,"01 - Prowler",Iron Maiden,Iron Maiden,Blues,236173,3.94,2.39
1269,"02 - Sanctuary",Iron Maiden,Iron Maiden,Blues,196284,3.27,2.95
1270,"03 - Remember Tomorrow",Iron Maiden,Iron Maiden,Blues,328620,5.48,3.95
1271,"04 - Running Free",Iron Maiden,Iron Maiden,Blues,197276,3.29,2.89
1272,"05 - Phantom of the Opera",Iron Maiden,Iron Maiden,Blues,428016,7.13,4.5
1273,"06 - Transylvania",Iron Maiden,Iron Maiden,Blues,259343,4.32,3.44
1274,"07 - Strange World",Iron Maiden,Iron Maiden,Blues,332460,5.54,3.71
1275,"08 - Charlotte the Harlot",Iron Maiden,Iron Maiden,Blues,252708,4.21,2.71
1276,"09 - Iron Maiden",Iron Maiden,Iron Maiden,Blues,216058,3.6,2.8
1277,The Ides Of March,Killers,Iron Maiden,Heavy Metal,105926,1.77,1.4
1278,Wrathchild,Killers,Iron Maiden,Heavy Metal,174471,2.91,2.12
1279,Murders In The Rue Morgue,Killers,Iron Maiden,Heavy Metal,258377,4.31,3.44
1280,Another Life,Killers,Iron Maiden,Heavy Metal,203049,3.38,2.14
1281,Genghis Khan,Killers,Iron Maiden,Heavy Metal,187141,3.12,2.75
1282,Innocent Exile,Killers,Iron Maiden,Heavy Metal,232515,3.88,2.82
1283,Killers,Killers,Iron Maiden,Heavy Metal,300956,5.02,3.73
1284,Prodigal Son,Killers,Iron Maiden,Heavy Metal,372349,6.21,4.04
1285,Purgatory,Killers,Iron Maiden,Heavy Metal,200150,3.34,2.11
1286,Drifter,Killers,Iron Maiden,Heavy Metal,288757,4.81,3.63
1287,Intro- Churchill S Speech,Live After Death,Iron Maiden,Heavy Metal,48013,0.8,1.06
1288,Aces High,Live After Death,Iron Maiden,Heavy Metal,276375,4.61,2.93
1289,"2 Minutes To Midnight",Live After Death,Iron Maiden,Metal,366550,6.11,3.82
1290,The Trooper,Live After Death,Iron Maiden,Metal,268878,4.48,2.75
1291,Revelations,Live After Death,Iron Maiden,Metal,371826,6.2,4.08
1292,Flight Of Icarus,Live After Death,Iron Maiden,Metal,229982,3.83,2.73
1293,Rime Of The Ancient Mariner,Live After Death,Iron Maiden,Metal,789472,13.16,8.05
1294,Powerslave,Live After Death,Iron Maiden,Metal,454974,7.58,4.57
1295,The Number Of The Beast,Live After Death,Iron Maiden,Metal,275121,4.59,3.74
1296,Hallowed Be Thy Name,Live After Death,Iron Maiden,Metal,451422,7.52,4.71
1297,Iron Maiden,Live After Death,Iron Maiden,Metal,261955,4.37,2.63
1298,Run To The Hills,Live After Death,Iron Maiden,Metal,231627,3.86,2.42
1299,Running Free,Live After Death,Iron Maiden,Metal,204617,3.41,2.27
1300,Wrathchild,Live After Death,Iron Maiden,Heavy Metal,183666,3.06,2.64
1301,Acacia Avenue,Live After Death,Iron Maiden,Heavy Metal,379872,6.33,4.02
1302,Children Of The Damned,Live After Death,Iron Maiden,Heavy Metal,278177,4.64,3.14
1303,Die With Your Boots On,Live After Death,Iron Maiden,Heavy Metal,314174,5.24,3.24
1304,Phantom Of The Opera,Live After Death,Iron Maiden,Heavy Metal,441155,7.35,5.41
1305,Be Quick Or Be Dead,Live At Donington 1992 (Disc 1),Iron Maiden,Rock,233142,3.89,3.15
1306,The Number Of The Beast,Live At Donington 1992 (Disc 1),Iron Maiden,Rock,294008,4.9,3.85
1307,Wrathchild,Live At Donington 1992 (Disc 1),Iron Maiden,Rock,174106,2.9,2.63
1308,From Here To Eternity,Live At Donington 1992 (Disc 1),Iron Maiden,Rock,284447,4.74,3.55
1309,Can I Play With Madness,Live At Donington 1992 (Disc 1),Iron Maiden,Rock,213106,3.55,2.88
1310,Wasting Love,Live At Donington 1992 (Disc 1),Iron Maiden,Rock,336953,5.62,4.14
1311,Tailgunner,Live At Donington 1992 (Disc 1),Iron Maiden,Rock,247640,4.13,3.12
1312,The Evil That Men Do,Live At Donington 1992 (Disc 1),Iron Maiden,Rock,478145,7.97,5.35
1313,Afraid To Shoot Strangers,Live At Donington 1992 (Disc 1),Iron Maiden,Rock,412525,6.88,4.54
1314,Fear Of The Dark,Live At Donington 1992 (Disc 1),Iron Maiden,Rock,431542,7.19,4.66
1315,Bring Your Daughter... To The Slaughter...,Live At Donington 1992 (Disc 2),Iron Maiden,Rock,376711,6.28,4.2
1316,The Clairvoyant,Live At Donington 1992 (Disc 2),Iron Maiden,Rock,262426,4.37,2.8
1317,Heaven Can Wait,Live At Donington 1992 (Disc 2),Iron Maiden,Rock,440555,7.34,5.33
1318,Run To The Hills,Live At Donington 1992 (Disc 2),Iron Maiden,Rock,235859,3.93,2.74
1319,"2 Minutes To Midnight",Live At Donington 1992 (Disc 2),Iron Maiden,Rock,338233,5.64,4.07
1320,Iron Maiden,Live At Donington 1992 (Disc 2),Iron Maiden,Rock,494602,8.24,4.96
1321,Hallowed Be Thy Name,Live At Donington 1992 (Disc 2),Iron Maiden,Rock,447791,7.46,4.77
1322,The Trooper,Live At Donington 1992 (Disc 2),Iron Maiden,Rock,232672,3.88,2.43
1323,Sanctuary,Live At Donington 1992 (Disc 2),Iron Maiden,Rock,318511,5.31,3.51
1324,Running Free,Live At Donington 1992 (Disc 2),Iron Maiden,Rock,474017,7.9,5.26
1325,Tailgunner,No Prayer For The Dying,Iron Maiden,Metal,255582,4.26,2.95
1326,Holy Smoke,No Prayer For The Dying,Iron Maiden,Metal,229459,3.82,3.24
1327,No Prayer For The Dying,No Prayer For The Dying,Iron Maiden,Metal,263941,4.4,3.15
1328,Public Enema Number One,No Prayer For The Dying,Iron Maiden,Metal,254197,4.24,3.1
1329,Fates Warning,No Prayer For The Dying,Iron Maiden,Metal,250853,4.18,2.86
1330,The Assassin,No Prayer For The Dying,Iron Maiden,Metal,258768,4.31,3.14
1331,Run Silent Run Deep,No Prayer For The Dying,Iron Maiden,Metal,275408,4.59,3.48
1332,Hooks In You,No Prayer For The Dying,Iron Maiden,Metal,247510,4.13,2.68
1333,Bring Your Daughter... ...To The Slaughter,No Prayer For The Dying,Iron Maiden,Metal,284238,4.74,2.94
1334,Mother Russia,No Prayer For The Dying,Iron Maiden,Metal,332617,5.54,4.13
1335,Where Eagles Dare,Piece Of Mind,Iron Maiden,Metal,369554,6.16,4.48
1336,Revelations,Piece Of Mind,Iron Maiden,Metal,408607,6.81,4.87
1337,Flight Of The Icarus,Piece Of Mind,Iron Maiden,Metal,230269,3.84,3.09
1338,Die With Your Boots On,Piece Of Mind,Iron Maiden,Metal,325694,5.43,4.03
1339,The Trooper,Piece Of Mind,Iron Maiden,Metal,251454,4.19,2.91
1340,Still Life,Piece Of Mind,Iron Maiden,Metal,294347,4.91,3.26
1341,Quest For Fire,Piece Of Mind,Iron Maiden,Metal,221309,3.69,2.6
1342,Sun And Steel,Piece Of Mind,Iron Maiden,Metal,206367,3.44,2.71
1343,To Tame A Land,Piece Of Mind,Iron Maiden,Metal,445283,7.42,4.8
1344,Aces High,Powerslave,Iron Maiden,Metal,269531,4.49,2.95
1345,"2 Minutes To Midnight",Powerslave,Iron Maiden,Metal,359810,6.0,4.5
1346,Losfer Words,Powerslave,Iron Maiden,Metal,252891,4.21,2.97
1347,Flash of The Blade,Powerslave,Iron Maiden,Metal,242729,4.05,3.34
1348,Duelists,Powerslave,Iron Maiden,Metal,366471,6.11,3.93
1349,Back in the Village,Powerslave,Iron Maiden,Metal,320548,5.34,3.34
1350,Powerslave,Powerslave,Iron Maiden,Metal,407823,6.8,4.34
1351,Rime of the Ancient Mariner,Powerslave,Iron Maiden,Metal,816509,13.61,8.47
1352,Intro,Rock In Rio [CD1],Iron Maiden,Metal,115931,1.93,2.13
1353,The Wicker Man,Rock In Rio [CD1],Iron Maiden,Metal,281782,4.7,3.04
1354,Ghost Of The Navigator,Rock In Rio [CD1],Iron Maiden,Metal,408607,6.81,4.95
1355,Brave New World,Rock In Rio [CD1],Iron Maiden,Metal,366785,6.11,4.59
1356,Wrathchild,Rock In Rio [CD1],Iron Maiden,Metal,185808,3.1,2.63
1357,"2 Minutes To Midnight",Rock In Rio [CD1],Iron Maiden,Metal,386821,6.45,4.02
1358,Blood Brothers,Rock In Rio [CD1],Iron Maiden,Metal,435513,7.26,4.82
1359,Sign Of The Cross,Rock In Rio [CD1],Iron Maiden,Metal,649116,10.82,6.71
1360,The Mercenary,Rock In Rio [CD1],Iron Maiden,Metal,282697,4.71,2.93
1361,The Trooper,Rock In Rio [CD1],Iron Maiden,Metal,273528,4.56,3.04
1362,Dream Of Mirrors,Rock In Rio [CD2],Iron Maiden,Rock,578324,9.64,6.05
1363,The Clansman,Rock In Rio [CD2],Iron Maiden,Rock,559203,9.32,5.75
1364,The Evil That Men Do,Rock In Rio [CD2],Iron Maiden,Metal,280737,4.68,3
1365,Fear Of The Dark,Rock In Rio [CD2],Iron Maiden,Rock,460695,7.68,4.63
1366,Iron Maiden,Rock In Rio [CD2],Iron Maiden,Rock,351869,5.86,4.07
1367,The Number Of The Beast,Rock In Rio [CD2],Iron Maiden,Rock,300434,5.01,3.45
1368,Hallowed Be Thy Name,Rock In Rio [CD2],Iron Maiden,Rock,443977,7.4,5.18
1369,Sanctuary,Rock In Rio [CD2],Iron Maiden,Rock,317335,5.29,3.26
1370,Run To The Hills,Rock In Rio [CD2],Iron Maiden,Rock,292179,4.87,3.1
1371,Moonchild,Seventh Son of a Seventh Son,Iron Maiden,Metal,340767,5.68,3.55
1372,Infinite Dreams,Seventh Son of a Seventh Son,Iron Maiden,Metal,369005,6.15,4.09
1373,Can I Play With Madness,Seventh Son of a Seventh Son,Iron Maiden,Metal,211043,3.52,4.22
1374,The Evil That Men Do,Seventh Son of a Seventh Son,Iron Maiden,Metal,273998,4.57,5.33
1375,Seventh Son of a Seventh Son,Seventh Son of a Seventh Son,Iron Maiden,Metal,593580,9.89,6.35
1376,The Prophecy,Seventh Son of a Seventh Son,Iron Maiden,Metal,305475,5.09,5.22
1377,The Clairvoyant,Seventh Son of a Seventh Son,Iron Maiden,Metal,267023,4.45,5.55
1378,Only the Good Die Young,Seventh Son of a Seventh Son,Iron Maiden,Metal,280894,4.68,3.21
1379,Caught Somewhere in Time,Somewhere in Time,Iron Maiden,Metal,445779,7.43,4.73
1380,Wasted Years,Somewhere in Time,Iron Maiden,Metal,307565,5.13,3.34
1381,Sea of Madness,Somewhere in Time,Iron Maiden,Metal,341995,5.7,3.59
1382,Heaven Can Wait,Somewhere in Time,Iron Maiden,Metal,441417,7.36,5.32
1383,Stranger in a Strange Land,Somewhere in Time,Iron Maiden,Metal,344502,5.74,3.65
1384,Alexander the Great,Somewhere in Time,Iron Maiden,Metal,515631,8.59,5.63
1385,De Ja Vu,Somewhere in Time,Iron Maiden,Metal,296176,4.94,3.53
1386,The Loneliness of the Long Dis,Somewhere in Time,Iron Maiden,Metal,391314,6.52,4.01
1387,"22 Acacia Avenue",The Number of The Beast,Iron Maiden,Metal,395572,6.59,4.03
1388,Children of the Damned,The Number of The Beast,Iron Maiden,Metal,274364,4.57,2.78
1389,Gangland,The Number of The Beast,Iron Maiden,Metal,228440,3.81,2.77
1390,Hallowed Be Thy Name,The Number of The Beast,Iron Maiden,Metal,428669,7.14,5.16
1391,Invaders,The Number of The Beast,Iron Maiden,Metal,203180,3.39,2.58
1392,Run to the Hills,The Number of The Beast,Iron Maiden,Metal,228884,3.81,2.66
1393,The Number Of The Beast,The Number of The Beast,Iron Maiden,Rock,293407,4.89,3.64
1394,The Prisoner,The Number of The Beast,Iron Maiden,Metal,361299,6.02,3.92
1395,Sign Of The Cross,The X Factor,Iron Maiden,Rock,678008,11.3,7.12
1396,Lord Of The Flies,The X Factor,Iron Maiden,Rock,303699,5.06,3.68
1397,Man On The Edge,The X Factor,Iron Maiden,Rock,253413,4.22,3.32
1398,Fortunes Of War,The X Factor,Iron Maiden,Rock,443977,7.4,5.4
1399,Look For The Truth,The X Factor,Iron Maiden,Rock,310230,5.17,4.05
1400,The Aftermath,The X Factor,Iron Maiden,Rock,380786,6.35,4.59
1401,Judgement Of Heaven,The X Factor,Iron Maiden,Rock,312476,5.21,3.27
1402,Blood On The World's Hands,The X Factor,Iron Maiden,Rock,357799,5.96,4.52
1403,The Edge Of Darkness,The X Factor,Iron Maiden,Rock,399333,6.66,4.68
1404,"2 A.M.",The X Factor,Iron Maiden,Rock,337658,5.63,3.81
1405,The Unbeliever,The X Factor,Iron Maiden,Rock,490422,8.17,5.53
1406,Futureal,Virtual XI,Iron Maiden,Rock,175777,2.93,2.24
1407,The Angel And The Gambler,Virtual XI,Iron Maiden,Rock,592744,9.88,6.69
1408,Lightning Strikes Twice,Virtual XI,Iron Maiden,Rock,290377,4.84,3.58
1409,The Clansman,Virtual XI,Iron Maiden,Rock,539689,8.99,6.28
1410,When Two Worlds Collide,Virtual XI,Iron Maiden,Rock,377312,6.29,4.04
1411,The Educated Fool,Virtual XI,Iron Maiden,Rock,404767,6.75,4.73
1412,Don't Look To The Eyes Of A Stranger,Virtual XI,Iron Maiden,Rock,483657,8.06,5.1
1413,Como Estais Amigos,Virtual XI,Iron Maiden,Rock,330292,5.5,3.74
1414,Please Please Please,Sex Machine,James Brown,R&B/Soul,165067,2.75,2.34
1415,Think,Sex Machine,James Brown,R&B/Soul,166739,2.78,2.38
1416,Night Train,Sex Machine,James Brown,R&B/Soul,212401,3.54,2.15
1417,Out Of Sight,Sex Machine,James Brown,R&B/Soul,143725,2.4,2.13
1418,Papa's Got A Brand New Bag Pt.1,Sex Machine,James Brown,R&B/Soul,127399,2.12,1.69
1419,I Got You (I Feel Good),Sex Machine,James Brown,R&B/Soul,167392,2.79,2.66
1420,It's A Man's Man's Man's World,Sex Machine,James Brown,R&B/Soul,168228,2.8,1.93
1421,Cold Sweat,Sex Machine,James Brown,R&B/Soul,172408,2.87,2.17
1422,"Say It Loud, I'm Black And I'm Proud Pt.1",Sex Machine,James Brown,R&B/Soul,167392,2.79,2.64
1423,Get Up (I Feel Like Being A) Sex Machine,Sex Machine,James Brown,R&B/Soul,316551,5.28,3.86
1424,Hey America,Sex Machine,James Brown,R&B/Soul,218226,3.64,2.45
1425,Make It Funky Pt.1,Sex Machine,James Brown,R&B/Soul,196231,3.27,2.49
1426,I'm A Greedy Man Pt.1,Sex Machine,James Brown,R&B/Soul,217730,3.63,2.49
1427,Get On The Good Foot,Sex Machine,James Brown,R&B/Soul,215902,3.6,3.11
1428,Get Up Offa That Thing,Sex Machine,James Brown,R&B/Soul,250723,4.18,2.6
1429,It's Too Funky In Here,Sex Machine,James Brown,R&B/Soul,239072,3.98,2.54
1430,Living In America,Sex Machine,James Brown,R&B/Soul,282880,4.71,3.58
1431,I'm Real,Sex Machine,James Brown,R&B/Soul,334236,5.57,3.82
1432,Hot Pants Pt.1,Sex Machine,James Brown,R&B/Soul,188212,3.14,2.17
1433,Soul Power (Live),Sex Machine,James Brown,R&B/Soul,260728,4.35,2.88
1434,When You Gonna Learn (Digeridoo),Emergency On Planet Earth,Jamiroquai,Rock,230635,3.84,2.36
1435,Too Young To Die,Emergency On Planet Earth,Jamiroquai,Rock,365818,6.1,3.76
1436,Hooked Up,Emergency On Planet Earth,Jamiroquai,Rock,275879,4.6,3.33
1437,"If I Like It, I Do It",Emergency On Planet Earth,Jamiroquai,Rock,293093,4.88,3.76
1438,Music Of The Wind,Emergency On Planet Earth,Jamiroquai,Rock,383033,6.38,4.22
1439,Emergency On Planet Earth,Emergency On Planet Earth,Jamiroquai,Rock,245263,4.09,2.58
1440,"Whatever It Is, I Just Can't Stop",Emergency On Planet Earth,Jamiroquai,Rock,247222,4.12,3.42
1441,Blow Your Mind,Emergency On Planet Earth,Jamiroquai,Rock,512339,8.54,5.36
1442,Revolution 1993,Emergency On Planet Earth,Jamiroquai,Rock,616829,10.28,6.94
1443,Didgin' Out,Emergency On Planet Earth,Jamiroquai,Rock,157100,2.62,2.42
1444,Canned Heat,Synkronized,Jamiroquai,R&B/Soul,331964,5.53,3.32
1445,Planet Home,Synkronized,Jamiroquai,R&B/Soul,284447,4.74,3.45
1446,Black Capricorn Day,Synkronized,Jamiroquai,R&B/Soul,341629,5.69,3.99
1447,Soul Education,Synkronized,Jamiroquai,R&B/Soul,255477,4.26,3.42
1448,Failling,Synkronized,Jamiroquai,R&B/Soul,225227,3.75,2.49
1449,Destitute Illusions,Synkronized,Jamiroquai,R&B/Soul,340218,5.67,3.52
1450,Supersonic,Synkronized,Jamiroquai,R&B/Soul,315872,5.26,3.88
1451,Butterfly,Synkronized,Jamiroquai,R&B/Soul,268852,4.48,2.84
1452,Were Do We Go From Here,Synkronized,Jamiroquai,R&B/Soul,313626,5.23,3.76
1453,King For A Day,Synkronized,Jamiroquai,R&B/Soul,221544,3.69,2.45
1454,Deeper Underground,Synkronized,Jamiroquai,R&B/Soul,281808,4.7,3.59
1455,Just Another Story,The Return Of The Space Cowboy,Jamiroquai,Electronica/Dance,529684,8.83,6.21
1456,Stillness In Time,The Return Of The Space Cowboy,Jamiroquai,Electronica/Dance,257097,4.28,3.28
1457,Half The Man,The Return Of The Space Cowboy,Jamiroquai,Electronica/Dance,289854,4.83,3.59
1458,Light Years,The Return Of The Space Cowboy,Jamiroquai,Electronica/Dance,354560,5.91,3.94
1459,Manifest Destiny,The Return Of The Space Cowboy,Jamiroquai,Electronica/Dance,382197,6.37,4.52
1460,The Kids,The Return Of The Space Cowboy,Jamiroquai,Electronica/Dance,309995,5.17,3.62
1461,Mr. Moon,The Return Of The Space Cowboy,Jamiroquai,Electronica/Dance,329534,5.49,3.66
1462,Scam,The Return Of The Space Cowboy,Jamiroquai,Electronica/Dance,422321,7.04,4.31
1463,Journey To Arnhemland,The Return Of The Space Cowboy,Jamiroquai,Electronica/Dance,322455,5.37,3.69
1464,Morning Glory,The Return Of The Space Cowboy,Jamiroquai,Electronica/Dance,384130,6.4,4.64
1465,Space Cowboy,The Return Of The Space Cowboy,Jamiroquai,Electronica/Dance,385697,6.43,4.66
1466,Last Chance,Get Born,JET,Alternative & Punk,112352,1.87,1.85
1467,Are You Gonna Be My Girl,Get Born,JET,Alternative & Punk,213890,3.56,2.9
1468,Rollover D.J.,Get Born,JET,Alternative & Punk,196702,3.28,2.64
1469,Look What You've Done,Get Born,JET,Alternative & Punk,230974,3.85,2.31
1470,Get What You Need,Get Born,JET,Alternative & Punk,247719,4.13,2.51
1471,Move On,Get Born,JET,Alternative & Punk,260623,4.34,2.83
1472,Radio Song,Get Born,JET,Alternative & Punk,272117,4.54,3.14
1473,Get Me Outta Here,Get Born,JET,Alternative & Punk,176274,2.94,2.28
1474,Cold Hard Bitch,Get Born,JET,Alternative & Punk,243278,4.05,3.36
1475,Come Around Again,Get Born,JET,Alternative & Punk,270497,4.51,2.97
1476,Take It Or Leave It,Get Born,JET,Alternative & Punk,142889,2.38,1.71
1477,Lazy Gun,Get Born,JET,Alternative & Punk,282174,4.7,2.93
1478,Timothy,Get Born,JET,Alternative & Punk,270341,4.51,3.07
1479,Foxy Lady,Are You Experienced?,Jimi Hendrix,Rock,199340,3.32,2.26
1480,Manic Depression,Are You Experienced?,Jimi Hendrix,Rock,222302,3.71,2.93
1481,Red House,Are You Experienced?,Jimi Hendrix,Rock,224130,3.74,3.04
1482,Can You See Me,Are You Experienced?,Jimi Hendrix,Rock,153077,2.55,2.15
1483,Love Or Confusion,Are You Experienced?,Jimi Hendrix,Rock,193123,3.22,2.44
1484,I Don't Live Today,Are You Experienced?,Jimi Hendrix,Rock,235311,3.92,3.04
1485,May This Be Love,Are You Experienced?,Jimi Hendrix,Rock,191216,3.19,2.56
1486,Fire,Are You Experienced?,Jimi Hendrix,Rock,164989,2.75,1.94
1487,Third Stone From The Sun,Are You Experienced?,Jimi Hendrix,Rock,404453,6.74,4.33
1488,Remember,Are You Experienced?,Jimi Hendrix,Rock,168150,2.8,1.99
1489,Are You Experienced?,Are You Experienced?,Jimi Hendrix,Rock,254537,4.24,3.16
1490,Hey Joe,Are You Experienced?,Jimi Hendrix,Rock,210259,3.5,2.99
1491,Stone Free,Are You Experienced?,Jimi Hendrix,Rock,216293,3.6,3.01
1492,Purple Haze,Are You Experienced?,Jimi Hendrix,Rock,171572,2.86,2
1493,"51st Anniversary",Are You Experienced?,Jimi Hendrix,Rock,196388,3.27,2.47
1494,The Wind Cries Mary,Are You Experienced?,Jimi Hendrix,Rock,200463,3.34,2.54
1495,Highway Chile,Are You Experienced?,Jimi Hendrix,Rock,212453,3.54,2.84
1496,Surfing with the Alien,Surfing with the Alien (Remastered),Joe Satriani,Rock,263707,4.4,2.87
1497,Ice 9,Surfing with the Alien (Remastered),Joe Satriani,Rock,239721,4.0,2.64
1498,Crushing Day,Surfing with the Alien (Remastered),Joe Satriani,Rock,314768,5.25,3.41
1499,"Always With Me, Always With You",Surfing with the Alien (Remastered),Joe Satriani,Rock,202035,3.37,2.53
1500,Satch Boogie,Surfing with the Alien (Remastered),Joe Satriani,Rock,193560,3.23,2.19
1501,Hill of the Skull,Surfing with the Alien (Remastered),Joe Satriani,Rock,108435,1.81,1.35
1502,Circles,Surfing with the Alien (Remastered),Joe Satriani,Rock,209071,3.48,3.05
1503,Lords of Karma,Surfing with the Alien (Remastered),Joe Satriani,Rock,288227,4.8,3.47
1504,Midnight,Surfing with the Alien (Remastered),Joe Satriani,Rock,102630,1.71,1.16
1505,Echo,Surfing with the Alien (Remastered),Joe Satriani,Rock,337570,5.63,4.15
1506,Engenho De Dentro,Jorge Ben Jor 25 Anos,Jorge Ben,Latin,310073,5.17,4
1507,Alcohol,Jorge Ben Jor 25 Anos,Jorge Ben,Latin,355239,5.92,3.8
1508,Mama Africa,Jorge Ben Jor 25 Anos,Jorge Ben,Latin,283062,4.72,3.4
1509,Salve Simpatia,Jorge Ben Jor 25 Anos,Jorge Ben,Latin,343484,5.72,3.49
1510,W/Brasil (Chama O Síndico),Jorge Ben Jor 25 Anos,Jorge Ben,Latin,317100,5.29,4.09
1511,País Tropical,Jorge Ben Jor 25 Anos,Jorge Ben,Latin,452519,7.54,5.06
1512,Os Alquimistas Estão Chegando,Jorge Ben Jor 25 Anos,Jorge Ben,Latin,367281,6.12,3.78
1513,Charles Anjo 45,Jorge Ben Jor 25 Anos,Jorge Ben,Latin,389276,6.49,3.95
1514,Selassiê,Jorge Ben Jor 25 Anos,Jorge Ben,Latin,326321,5.44,3.42
1515,Menina Sarará,Jorge Ben Jor 25 Anos,Jorge Ben,Latin,191477,3.19,2.03
1516,Que Maravilha,Jorge Ben Jor 25 Anos,Jorge Ben,Latin,338076,5.63,3.79
1517,Santa Clara Clareou,Jorge Ben Jor 25 Anos,Jorge Ben,Latin,380081,6.33,4.76
1518,Filho Maravilha,Jorge Ben Jor 25 Anos,Jorge Ben,Latin,227526,3.79,2.51
1519,Taj Mahal,Jorge Ben Jor 25 Anos,Jorge Ben,Latin,289750,4.83,3.56
1520,Rapidamente,Jota Quest-1995,Jota Quest,Latin,252238,4.2,2.98
1521,As Dores do Mundo,Jota Quest-1995,Jota Quest,Latin,255477,4.26,3.49
1522,Vou Pra Ai,Jota Quest-1995,Jota Quest,Latin,300878,5.01,3.68
1523,My Brother,Jota Quest-1995,Jota Quest,Latin,253231,4.22,3.45
1524,Há Quanto Tempo,Jota Quest-1995,Jota Quest,Latin,270027,4.5,2.82
1525,Vício,Jota Quest-1995,Jota Quest,Latin,269897,4.5,3
1526,Encontrar Alguém,Jota Quest-1995,Jota Quest,Latin,224078,3.73,3.08
1527,Dance Enquanto é Tempo,Jota Quest-1995,Jota Quest,Latin,229093,3.82,2.8
1528,A Tarde,Jota Quest-1995,Jota Quest,Latin,266919,4.45,2.76
1529,Always Be All Right,Jota Quest-1995,Jota Quest,Latin,128078,2.13,1.42
1530,Sem Sentido,Jota Quest-1995,Jota Quest,Latin,250462,4.17,2.65
1531,Onibusfobia,Jota Quest-1995,Jota Quest,Latin,315977,5.27,3.91
1532,Pura Elegancia,Cafezinho,João Suplicy,World,284107,4.74,3.66
1533,Choramingando,Cafezinho,João Suplicy,World,190484,3.17,2.67
1534,Por Merecer,Cafezinho,João Suplicy,World,230582,3.84,2.53
1535,No Futuro,Cafezinho,João Suplicy,World,182308,3.04,2.06
1536,Voce Inteira,Cafezinho,João Suplicy,World,241084,4.02,3.2
1537,Cuando A Noite Vai Chegando,Cafezinho,João Suplicy,World,270628,4.51,3.25
1538,Naquele Dia,Cafezinho,João Suplicy,World,251768,4.2,2.89
1539,Equinocio,Cafezinho,João Suplicy,World,269008,4.48,2.78
1540,Papelão,Cafezinho,João Suplicy,World,213263,3.55,2.44
1541,Cuando Eu For Pro Ceu,Cafezinho,João Suplicy,World,118804,1.98,1.3
1542,Do Nosso Amor,Cafezinho,João Suplicy,World,203415,3.39,2.52
1543,Borogodo,Cafezinho,João Suplicy,World,208457,3.47,2.37
1544,Cafezinho,Cafezinho,João Suplicy,World,180924,3.02,1.83
1545,Enquanto O Dia Não Vem,Cafezinho,João Suplicy,World,220891,3.68,2.45
1546,The Green Manalishi,Living After Midnight,Judas Priest,Metal,205792,3.43,2.32
1547,Living After Midnight,Living After Midnight,Judas Priest,Metal,213289,3.55,2.52
1548,Breaking The Law (Live),Living After Midnight,Judas Priest,Metal,144195,2.4,1.54
1549,Hot Rockin',Living After Midnight,Judas Priest,Metal,197328,3.29,2.63
1550,Heading Out To The Highway (Live),Living After Midnight,Judas Priest,Metal,276427,4.61,3.28
1551,The Hellion,Living After Midnight,Judas Priest,Metal,41900,0.7,0.66
1552,Electric Eye,Living After Midnight,Judas Priest,Metal,222197,3.7,3.05
1553,You've Got Another Thing Comin',Living After Midnight,Judas Priest,Metal,305162,5.09,3.78
1554,Turbo Lover,Living After Midnight,Judas Priest,Metal,335542,5.59,3.39
1555,Freewheel Burning,Living After Midnight,Judas Priest,Metal,265952,4.43,3.43
1556,Some Heads Are Gonna Roll,Living After Midnight,Judas Priest,Metal,249939,4.17,3.12
1557,Metal Meltdown,Living After Midnight,Judas Priest,Metal,290664,4.84,2.98
1558,Ram It Down,Living After Midnight,Judas Priest,Metal,292179,4.87,3.51
1559,Diamonds And Rust (Live),Living After Midnight,Judas Priest,Metal,219350,3.66,2.67
1560,Victim Of Change (Live),Living After Midnight,Judas Priest,Metal,430942,7.18,4.33
1561,Tyrant (Live),Living After Midnight,Judas Priest,Metal,282253,4.7,3.58
1562,Comin' Home,Unplugged [Live],Kiss,Rock,172068,2.87,2.63
1563,Plaster Caster,Unplugged [Live],Kiss,Rock,198060,3.3,2.32
1564,Goin' Blind,Unplugged [Live],Kiss,Rock,217652,3.63,2.35
1565,Do You Love Me,Unplugged [Live],Kiss,Rock,193619,3.23,2.41
1566,Domino,Unplugged [Live],Kiss,Rock,226377,3.77,2.33
1567,Sure Know Something,Unplugged [Live],Kiss,Rock,254354,4.24,3.05
1568,A World Without Heroes,Unplugged [Live],Kiss,Rock,177815,2.96,1.9
1569,Rock Bottom,Unplugged [Live],Kiss,Rock,200594,3.34,2.22
1570,See You Tonight,Unplugged [Live],Kiss,Rock,146494,2.44,1.73
1571,I Still Love You,Unplugged [Live],Kiss,Rock,369815,6.16,4.6
1572,Every Time I Look At You,Unplugged [Live],Kiss,Rock,283898,4.73,3.81
1573,"2,000 Man",Unplugged [Live],Kiss,Rock,312450,5.21,3.16
1574,Beth,Unplugged [Live],Kiss,Rock,170187,2.84,1.78
1575,Nothin' To Lose,Unplugged [Live],Kiss,Rock,222354,3.71,2.24
1576,Rock And Roll All Nite,Unplugged [Live],Kiss,Rock,259631,4.33,2.87
1577,Immigrant Song,BBC Sessions [Disc 2] [Live],Led Zeppelin,Rock,201247,3.35,2.32
1578,Heartbreaker,BBC Sessions [Disc 2] [Live],Led Zeppelin,Rock,316081,5.27,3.28
1579,Since I've Been Loving You,BBC Sessions [Disc 2] [Live],Led Zeppelin,Rock,416365,6.94,4.25
1580,Black Dog,BBC Sessions [Disc 2] [Live],Led Zeppelin,Rock,317622,5.29,4.16
1581,Dazed And Confused,BBC Sessions [Disc 2] [Live],Led Zeppelin,Rock,1116734,18.61,11.48
1582,Stairway To Heaven,BBC Sessions [Disc 2] [Live],Led Zeppelin,Rock,529658,8.83,5.8
1583,Going To California,BBC Sessions [Disc 2] [Live],Led Zeppelin,Rock,234605,3.91,2.6
1584,That's The Way,BBC Sessions [Disc 2] [Live],Led Zeppelin,Rock,343431,5.72,4
1585,Whole Lotta Love (Medley),BBC Sessions [Disc 2] [Live],Led Zeppelin,Rock,825103,13.75,8.48
1586,Thank You,BBC Sessions [Disc 2] [Live],Led Zeppelin,Rock,398262,6.64,4.9
1587,We're Gonna Groove,Coda,Led Zeppelin,Rock,157570,2.63,1.62
1588,Poor Tom,Coda,Led Zeppelin,Rock,182491,3.04,2.17
1589,I Can't Quit You Baby,Coda,Led Zeppelin,Rock,258168,4.3,3.11
1590,Walter's Walk,Coda,Led Zeppelin,Rock,270785,4.51,2.94
1591,Ozone Baby,Coda,Led Zeppelin,Rock,215954,3.6,2.27
1592,Darlene,Coda,Led Zeppelin,Rock,307226,5.12,3.36
1593,Bonzo's Montreux,Coda,Led Zeppelin,Rock,258925,4.32,2.73
1594,Wearing And Tearing,Coda,Led Zeppelin,Rock,330004,5.5,3.51
1595,The Song Remains The Same,Houses Of The Holy,Led Zeppelin,Rock,330004,5.5,4.06
1596,The Rain Song,Houses Of The Holy,Led Zeppelin,Rock,459180,7.65,5.46
1597,Over The Hills And Far Away,Houses Of The Holy,Led Zeppelin,Rock,290089,4.83,3.41
1598,The Crunge,Houses Of The Holy,Led Zeppelin,Rock,197407,3.29,2.63
1599,Dancing Days,Houses Of The Holy,Led Zeppelin,Rock,223216,3.72,2.4
1600,D'Yer Mak'er,Houses Of The Holy,Led Zeppelin,Rock,262948,4.38,3.43
1601,No Quarter,Houses Of The Holy,Led Zeppelin,Rock,420493,7.01,4.7
1602,The Ocean,Houses Of The Holy,Led Zeppelin,Rock,271098,4.52,3.3
1603,In The Evening,In Through The Out Door,Led Zeppelin,Rock,410566,6.84,5.05
1604,South Bound Saurez,In Through The Out Door,Led Zeppelin,Rock,254406,4.24,2.81
1605,Fool In The Rain,In Through The Out Door,Led Zeppelin,Rock,372950,6.22,4.18
1606,Hot Dog,In Through The Out Door,Led Zeppelin,Rock,197198,3.29,2.53
1607,Carouselambra,In Through The Out Door,Led Zeppelin,Rock,634435,10.57,7.11
1608,All My Love,In Through The Out Door,Led Zeppelin,Rock,356284,5.94,4.51
1609,I'm Gonna Crawl,In Through The Out Door,Led Zeppelin,Rock,329639,5.49,4.27
1610,Black Dog,IV,Led Zeppelin,Rock,296672,4.94,3.77
1611,Rock & Roll,IV,Led Zeppelin,Rock,220917,3.68,2.64
1612,The Battle Of Evermore,IV,Led Zeppelin,Rock,351555,5.86,4.15
1613,Stairway To Heaven,IV,Led Zeppelin,Rock,481619,8.03,5.69
1614,Misty Mountain Hop,IV,Led Zeppelin,Rock,278857,4.65,3.31
1615,Four Sticks,IV,Led Zeppelin,Rock,284447,4.74,3.7
1616,Going To California,IV,Led Zeppelin,Rock,215693,3.59,2.7
1617,When The Levee Breaks,IV,Led Zeppelin,Rock,427702,7.13,4.34
1618,Good Times Bad Times,Led Zeppelin I,Led Zeppelin,Rock,166164,2.77,2.03
1619,Babe I'm Gonna Leave You,Led Zeppelin I,Led Zeppelin,Rock,401475,6.69,4.02
1620,You Shook Me,Led Zeppelin I,Led Zeppelin,Rock,388179,6.47,3.97
1621,Dazed and Confused,Led Zeppelin I,Led Zeppelin,Rock,386063,6.43,4.37
1622,Your Time Is Gonna Come,Led Zeppelin I,Led Zeppelin,Rock,274860,4.58,3.5
1623,Black Mountain Side,Led Zeppelin I,Led Zeppelin,Rock,132702,2.21,2.24
1624,Communication Breakdown,Led Zeppelin I,Led Zeppelin,Rock,150230,2.5,2.11
1625,I Can't Quit You Baby,Led Zeppelin I,Led Zeppelin,Rock,282671,4.71,2.94
1626,How Many More Times,Led Zeppelin I,Led Zeppelin,Rock,508055,8.47,5.97
1627,Whole Lotta Love,Led Zeppelin II,Led Zeppelin,Rock,334471,5.57,3.48
1628,What Is And What Should Never Be,Led Zeppelin II,Led Zeppelin,Rock,287973,4.8,3.1
1629,The Lemon Song,Led Zeppelin II,Led Zeppelin,Rock,379141,6.32,4.46
1630,Thank You,Led Zeppelin II,Led Zeppelin,Rock,287791,4.8,3.77
1631,Heartbreaker,Led Zeppelin II,Led Zeppelin,Rock,253988,4.23,2.64
1632,Living Loving Maid (She's Just A Woman),Led Zeppelin II,Led Zeppelin,Rock,159216,2.65,2.35
1633,Ramble On,Led Zeppelin II,Led Zeppelin,Rock,275591,4.59,3.03
1634,Moby Dick,Led Zeppelin II,Led Zeppelin,Rock,260728,4.35,3.2
1635,Bring It On Home,Led Zeppelin II,Led Zeppelin,Rock,259970,4.33,3.46
1636,Immigrant Song,Led Zeppelin III,Led Zeppelin,Rock,144875,2.41,2.21
1637,Friends,Led Zeppelin III,Led Zeppelin,Rock,233560,3.89,2.91
1638,Celebration Day,Led Zeppelin III,Led Zeppelin,Rock,209528,3.49,2.18
1639,Since I've Been Loving You,Led Zeppelin III,Led Zeppelin,Rock,444055,7.4,4.51
1640,Out On The Tiles,Led Zeppelin III,Led Zeppelin,Rock,246047,4.1,2.93
1641,Gallows Pole,Led Zeppelin III,Led Zeppelin,Rock,296228,4.94,3.62
1642,Tangerine,Led Zeppelin III,Led Zeppelin,Rock,189675,3.16,2.43
1643,That's The Way,Led Zeppelin III,Led Zeppelin,Rock,337345,5.62,3.46
1644,Bron-Y-Aur Stomp,Led Zeppelin III,Led Zeppelin,Rock,259500,4.33,3
1645,Hats Off To (Roy) Harper,Led Zeppelin III,Led Zeppelin,Rock,219376,3.66,2.2
1646,In The Light,Physical Graffiti [Disc 2],Led Zeppelin,Rock,526785,8.78,5.59
1647,Bron-Yr-Aur,Physical Graffiti [Disc 2],Led Zeppelin,Rock,126641,2.11,1.95
1648,Down By The Seaside,Physical Graffiti [Disc 2],Led Zeppelin,Rock,316186,5.27,3.27
1649,Ten Years Gone,Physical Graffiti [Disc 2],Led Zeppelin,Rock,393116,6.55,4.77
1650,Night Flight,Physical Graffiti [Disc 2],Led Zeppelin,Rock,217547,3.63,3.17
1651,The Wanton Song,Physical Graffiti [Disc 2],Led Zeppelin,Rock,249887,4.16,3.34
1652,Boogie With Stu,Physical Graffiti [Disc 2],Led Zeppelin,Rock,233273,3.89,2.61
1653,Black Country Woman,Physical Graffiti [Disc 2],Led Zeppelin,Rock,273084,4.55,3.05
1654,Sick Again,Physical Graffiti [Disc 2],Led Zeppelin,Rock,283036,4.72,3.78
1655,Achilles Last Stand,Presence,Led Zeppelin,Rock,625502,10.43,7.01
1656,For Your Life,Presence,Led Zeppelin,Rock,384391,6.41,3.97
1657,Royal Orleans,Presence,Led Zeppelin,Rock,179591,2.99,2.51
1658,Nobody's Fault But Mine,Presence,Led Zeppelin,Rock,376215,6.27,4.57
1659,Candy Store Rock,Presence,Led Zeppelin,Rock,252055,4.2,3.47
1660,Hots On For Nowhere,Presence,Led Zeppelin,Rock,284107,4.74,3.81
1661,Tea For One,Presence,Led Zeppelin,Rock,566752,9.45,6.18
1662,Rock & Roll,The Song Remains The Same (Disc 1),Led Zeppelin,Rock,242442,4.04,2.81
1663,Celebration Day,The Song Remains The Same (Disc 1),Led Zeppelin,Rock,230034,3.83,2.37
1664,The Song Remains The Same,The Song Remains The Same (Disc 1),Led Zeppelin,Rock,353358,5.89,4.5
1665,Rain Song,The Song Remains The Same (Disc 1),Led Zeppelin,Rock,505808,8.43,5.94
1666,Dazed And Confused,The Song Remains The Same (Disc 1),Led Zeppelin,Rock,1612329,26.87,16.3
1667,No Quarter,The Song Remains The Same (Disc 2),Led Zeppelin,Rock,749897,12.5,7.79
1668,Stairway To Heaven,The Song Remains The Same (Disc 2),Led Zeppelin,Rock,657293,10.95,6.94
1669,Moby Dick,The Song Remains The Same (Disc 2),Led Zeppelin,Rock,766354,12.77,8.39
1670,Whole Lotta Love,The Song Remains The Same (Disc 2),Led Zeppelin,Rock,863895,14.4,9.45
1671,Natália,A TempestadeTempestade Ou O Livro Dos Dias,Legião Urbana,Latin,235728,3.93,2.8
1672,L'Avventura,A TempestadeTempestade Ou O Livro Dos Dias,Legião Urbana,Latin,278256,4.64,3.22
1673,Música De Trabalho,A TempestadeTempestade Ou O Livro Dos Dias,Legião Urbana,Latin,260231,4.34,2.65
1674,Longe Do Meu Lado,A TempestadeTempestade Ou O Livro Dos Dias,Legião Urbana,Latin,266161,4.44,2.99
1675,A Via Láctea,A TempestadeTempestade Ou O Livro Dos Dias,Legião Urbana,Latin,280084,4.67,3.63
1676,Música Ambiente,A TempestadeTempestade Ou O Livro Dos Dias,Legião Urbana,Latin,247614,4.13,3.38
1677,Aloha,A TempestadeTempestade Ou O Livro Dos Dias,Legião Urbana,Latin,325955,5.43,3.42
1678,Soul Parsifal,A TempestadeTempestade Ou O Livro Dos Dias,Legião Urbana,Latin,295053,4.92,3.67
1679,Dezesseis,A TempestadeTempestade Ou O Livro Dos Dias,Legião Urbana,Latin,323918,5.4,3.24
1680,Mil Pedaços,A TempestadeTempestade Ou O Livro Dos Dias,Legião Urbana,Latin,203337,3.39,2.18
1681,Leila,A TempestadeTempestade Ou O Livro Dos Dias,Legião Urbana,Latin,323056,5.38,3.54
1682,"1º De Julho",A TempestadeTempestade Ou O Livro Dos Dias,Legião Urbana,Latin,290298,4.84,3.31
1683,Esperando Por Mim,A TempestadeTempestade Ou O Livro Dos Dias,Legião Urbana,Latin,261668,4.36,3.15
1684,Quando Você Voltar,A TempestadeTempestade Ou O Livro Dos Dias,Legião Urbana,Latin,173897,2.9,2.29
1685,O Livro Dos Dias,A TempestadeTempestade Ou O Livro Dos Dias,Legião Urbana,Latin,257253,4.29,3.51
1686,Será,Mais Do Mesmo,Legião Urbana,Latin,148401,2.47,1.88
1687,Ainda É Cedo,Mais Do Mesmo,Legião Urbana,Latin,236826,3.95,2.46
1688,Geração Coca-Cola,Mais Do Mesmo,Legião Urbana,Latin,141453,2.36,1.96
1689,Eduardo E Mônica,Mais Do Mesmo,Legião Urbana,Latin,271229,4.52,3.03
1690,Tempo Perdido,Mais Do Mesmo,Legião Urbana,Latin,302158,5.04,3.25
1691,Indios,Mais Do Mesmo,Legião Urbana,Latin,258168,4.3,3.23
1692,Que País É Este,Mais Do Mesmo,Legião Urbana,Latin,177606,2.96,2.43
1693,Faroeste Caboclo,Mais Do Mesmo,Legião Urbana,Latin,543007,9.05,6.39
1694,Há Tempos,Mais Do Mesmo,Legião Urbana,Latin,197146,3.29,2.44
1695,Pais E Filhos,Mais Do Mesmo,Legião Urbana,Latin,308401,5.14,3.14
1696,Meninos E Meninas,Mais Do Mesmo,Legião Urbana,Latin,203781,3.4,2.47
1697,Vento No Litoral,Mais Do Mesmo,Legião Urbana,Latin,366445,6.11,3.74
1698,Perfeição,Mais Do Mesmo,Legião Urbana,Latin,276558,4.61,3.25
1699,Giz,Mais Do Mesmo,Legião Urbana,Latin,202213,3.37,2.26
1700,Dezesseis,Mais Do Mesmo,Legião Urbana,Latin,321724,5.36,3.89
1701,Antes Das Seis,Mais Do Mesmo,Legião Urbana,Latin,189231,3.15,2.28
1702,Are You Gonna Go My Way,Greatest Hits,Lenny Kravitz,Rock,211591,3.53,2.66
1703,Fly Away,Greatest Hits,Lenny Kravitz,Rock,221962,3.7,3.04
1704,Rock And Roll Is Dead,Greatest Hits,Lenny Kravitz,Rock,204199,3.4,2.37
1705,Again,Greatest Hits,Lenny Kravitz,Rock,228989,3.82,2.55
1706,It Ain't Over 'Til It's Over,Greatest Hits,Lenny Kravitz,Rock,242703,4.05,2.95
1707,Can't Get You Off My Mind,Greatest Hits,Lenny Kravitz,Rock,273815,4.56,3.29
1708,Mr. Cab Driver,Greatest Hits,Lenny Kravitz,Rock,230321,3.84,2.45
1709,American Woman,Greatest Hits,Lenny Kravitz,Rock,261773,4.36,3.5
1710,Stand By My Woman,Greatest Hits,Lenny Kravitz,Rock,259683,4.33,2.8
1711,Always On The Run,Greatest Hits,Lenny Kravitz,Rock,232515,3.88,2.76
1712,Heaven Help,Greatest Hits,Lenny Kravitz,Rock,190354,3.17,2.76
1713,I Belong To You,Greatest Hits,Lenny Kravitz,Rock,257123,4.29,3.2
1714,Believe,Greatest Hits,Lenny Kravitz,Rock,295131,4.92,3.89
1715,Let Love Rule,Greatest Hits,Lenny Kravitz,Rock,342648,5.71,4.3
1716,Black Velveteen,Greatest Hits,Lenny Kravitz,Rock,290899,4.85,3.41
1717,Assim Caminha A Humanidade,Lulu Santos - RCA 100 Anos De Música - Álbum 01,Lulu Santos,Latin,210755,3.51,2.7
1718,Honolulu,Lulu Santos - RCA 100 Anos De Música - Álbum 02,Lulu Santos,Latin,261433,4.36,2.76
1719,Dancin´Days,Lulu Santos - RCA 100 Anos De Música - Álbum 02,Lulu Santos,Latin,237400,3.96,2.64
1720,Um Pro Outro,Lulu Santos - RCA 100 Anos De Música - Álbum 01,Lulu Santos,Latin,236382,3.94,2.94
1721,Aviso Aos Navegantes,Lulu Santos - RCA 100 Anos De Música - Álbum 02,Lulu Santos,Latin,242808,4.05,2.81
1722,Casa,Lulu Santos - RCA 100 Anos De Música - Álbum 01,Lulu Santos,Latin,307591,5.13,3.48
1723,Condição,Lulu Santos - RCA 100 Anos De Música - Álbum 01,Lulu Santos,Latin,263549,4.39,3.28
1724,Hyperconectividade,Lulu Santos - RCA 100 Anos De Música - Álbum 02,Lulu Santos,Latin,180636,3.01,2.14
1725,O Descobridor Dos Sete Mares,Lulu Santos - RCA 100 Anos De Música - Álbum 02,Lulu Santos,Latin,225854,3.76,3.21
1726,Satisfação,Lulu Santos - RCA 100 Anos De Música - Álbum 01,Lulu Santos,Latin,208065,3.47,2.13
1727,Brumário,Lulu Santos - RCA 100 Anos De Música - Álbum 01,Lulu Santos,Latin,216241,3.6,2.23
1728,Um Certo Alguém,Lulu Santos - RCA 100 Anos De Música - Álbum 02,Lulu Santos,Latin,194063,3.23,2.08
1729,Fullgás,Lulu Santos - RCA 100 Anos De Música - Álbum 02,Lulu Santos,Latin,346070,5.77,4.16
1730,Sábado À Noite,Lulu Santos - RCA 100 Anos De Música - Álbum 01,Lulu Santos,Latin,193854,3.23,2.86
1731,A Cura,Lulu Santos - RCA 100 Anos De Música - Álbum 01,Lulu Santos,Latin,280920,4.68,3.77
1732,Aquilo,Lulu Santos - RCA 100 Anos De Música - Álbum 02,Lulu Santos,Latin,246073,4.1,2.77
1733,Atrás Do Trio Elétrico,Lulu Santos - RCA 100 Anos De Música - Álbum 01,Lulu Santos,Latin,149080,2.48,2.45
1734,Senta A Pua,Lulu Santos - RCA 100 Anos De Música - Álbum 02,Lulu Santos,Latin,217547,3.63,3.06
1735,Ro-Que-Se-Da-Ne,Lulu Santos - RCA 100 Anos De Música - Álbum 02,Lulu Santos,Latin,146703,2.45,1.59
1736,Tudo Bem,Lulu Santos - RCA 100 Anos De Música - Álbum 01,Lulu Santos,Latin,196101,3.27,2.05
1737,Toda Forma De Amor,Lulu Santos - RCA 100 Anos De Música - Álbum 01,Lulu Santos,Latin,227813,3.8,2.97
1738,Tudo Igual,Lulu Santos - RCA 100 Anos De Música - Álbum 02,Lulu Santos,Latin,276035,4.6,3.2
1739,Fogo De Palha,Lulu Santos - RCA 100 Anos De Música - Álbum 02,Lulu Santos,Latin,246804,4.11,2.49
1740,Sereia,Lulu Santos - RCA 100 Anos De Música - Álbum 01,Lulu Santos,Latin,278047,4.63,3.38
1741,Assaltaram A Gramática,Lulu Santos - RCA 100 Anos De Música - Álbum 02,Lulu Santos,Latin,261041,4.35,3.32
1742,Se Você Pensa,Lulu Santos - RCA 100 Anos De Música - Álbum 01,Lulu Santos,Latin,195996,3.27,2.33
1743,Lá Vem O Sol (Here Comes The Sun),Lulu Santos - RCA 100 Anos De Música - Álbum 01,Lulu Santos,Latin,189492,3.16,1.96
1744,O Último Romântico (Ao Vivo),Lulu Santos - RCA 100 Anos De Música - Álbum 02,Lulu Santos,Latin,231993,3.87,2.95
1745,Pseudo Silk Kimono,Misplaced Childhood,Marillion,Rock,134739,2.25,2.29
1746,Kayleigh,Misplaced Childhood,Marillion,Rock,234605,3.91,2.93
1747,Lavender,Misplaced Childhood,Marillion,Rock,153417,2.56,1.92
1748,Bitter Suite: Brief Encounter / Lost Weekend / Blue Angel,Misplaced Childhood,Marillion,Rock,356493,5.94,4.53
1749,Heart Of Lothian: Wide Boy / Curtain Call,Misplaced Childhood,Marillion,Rock,366053,6.1,3.94
1750,Waterhole (Expresso Bongo),Misplaced Childhood,Marillion,Rock,133093,2.22,1.53
1751,Lords Of The Backstage,Misplaced Childhood,Marillion,Rock,112875,1.88,1.9
1752,Blind Curve: Vocal Under A Bloodlight / Passing Strangers / Mylo / Perimeter Walk / Threshold,Misplaced Childhood,Marillion,Rock,569704,9.5,6.31
1753,Childhoods End?,Misplaced Childhood,Marillion,Rock,272796,4.55,3.01
1754,White Feather,Misplaced Childhood,Marillion,Rock,143595,2.39,2.12
1755,Arrepio,Barulhinho Bom,Marisa Monte,Latin,136254,2.27,1.69
1756,Magamalabares,Barulhinho Bom,Marisa Monte,Latin,215875,3.6,3.08
1757,Chuva No Brejo,Barulhinho Bom,Marisa Monte,Latin,145606,2.43,1.98
1758,Cérebro Eletrônico,Barulhinho Bom,Marisa Monte,Latin,172800,2.88,1.84
1759,Tempos Modernos,Barulhinho Bom,Marisa Monte,Latin,183066,3.05,2.63
1760,Maraçá,Barulhinho Bom,Marisa Monte,Latin,230008,3.83,2.45
1761,Blanco,Barulhinho Bom,Marisa Monte,Latin,45191,0.75,0.8
1762,Panis Et Circenses,Barulhinho Bom,Marisa Monte,Latin,192339,3.21,2.25
1763,De Noite Na Cama,Barulhinho Bom,Marisa Monte,Latin,209005,3.48,2.59
1764,Beija Eu,Barulhinho Bom,Marisa Monte,Latin,197276,3.29,2.78
1765,Give Me Love,Barulhinho Bom,Marisa Monte,Latin,249808,4.16,2.67
1766,Ainda Lembro,Barulhinho Bom,Marisa Monte,Latin,218801,3.65,2.23
1767,A Menina Dança,Barulhinho Bom,Marisa Monte,Latin,129410,2.16,1.65
1768,Dança Da Solidão,Barulhinho Bom,Marisa Monte,Latin,203520,3.39,2.15
1769,Ao Meu Redor,Barulhinho Bom,Marisa Monte,Latin,275591,4.59,3.44
1770,Bem Leve,Barulhinho Bom,Marisa Monte,Latin,159190,2.65,1.65
1771,Segue O Seco,Barulhinho Bom,Marisa Monte,Latin,178207,2.97,2.01
1772,O Xote Das Meninas,Barulhinho Bom,Marisa Monte,Latin,291866,4.86,3.77
1773,Wherever I Lay My Hat,Seek And Shall Find: More Of The Best (1963-1981),Marvin Gaye,R&B/Soul,136986,2.28,1.41
1774,Get My Hands On Some Lovin',Seek And Shall Find: More Of The Best (1963-1981),Marvin Gaye,R&B/Soul,149054,2.48,1.78
1775,No Good Without You,Seek And Shall Find: More Of The Best (1963-1981),Marvin Gaye,R&B/Soul,161410,2.69,1.93
1776,You've Been A Long Time Coming,Seek And Shall Find: More Of The Best (1963-1981),Marvin Gaye,R&B/Soul,137221,2.29,1.59
1777,When I Had Your Love,Seek And Shall Find: More Of The Best (1963-1981),Marvin Gaye,R&B/Soul,152424,2.54,2.26
1778,You're What's Happening (In The World Today),Seek And Shall Find: More Of The Best (1963-1981),Marvin Gaye,R&B/Soul,142027,2.37,1.7
1779,Loving You Is Sweeter Than Ever,Seek And Shall Find: More Of The Best (1963-1981),Marvin Gaye,R&B/Soul,166295,2.77,2.21
1780,It's A Bitter Pill To Swallow,Seek And Shall Find: More Of The Best (1963-1981),Marvin Gaye,R&B/Soul,194821,3.25,2.45
1781,Seek And You Shall Find,Seek And Shall Find: More Of The Best (1963-1981),Marvin Gaye,R&B/Soul,223451,3.72,3.13
1782,Gonna Keep On Tryin' Till I Win Your Love,Seek And Shall Find: More Of The Best (1963-1981),Marvin Gaye,R&B/Soul,176404,2.94,2.34
1783,Gonna Give Her All The Love I've Got,Seek And Shall Find: More Of The Best (1963-1981),Marvin Gaye,R&B/Soul,210886,3.51,2.95
1784,I Wish It Would Rain,Seek And Shall Find: More Of The Best (1963-1981),Marvin Gaye,R&B/Soul,172486,2.87,2.29
1785,"Abraham, Martin And John",Seek And Shall Find: More Of The Best (1963-1981),Marvin Gaye,R&B/Soul,273057,4.55,3.59
1786,Save The Children,Seek And Shall Find: More Of The Best (1963-1981),Marvin Gaye,R&B/Soul,194821,3.25,2.24
1787,You Sure Love To Ball,Seek And Shall Find: More Of The Best (1963-1981),Marvin Gaye,R&B/Soul,218540,3.64,2.48
1788,Ego Tripping Out,Seek And Shall Find: More Of The Best (1963-1981),Marvin Gaye,R&B/Soul,314514,5.24,3.19
1789,Praise,Seek And Shall Find: More Of The Best (1963-1981),Marvin Gaye,R&B/Soul,235833,3.93,3.08
1790,Heavy Love Affair,Seek And Shall Find: More Of The Best (1963-1981),Marvin Gaye,R&B/Soul,227892,3.8,2.56
1791,Down Under,The Best Of Men At Work,Men At Work,Rock,222171,3.7,2.87
1792,Overkill,The Best Of Men At Work,Men At Work,Rock,225410,3.76,3.17
1793,Be Good Johnny,The Best Of Men At Work,Men At Work,Rock,216320,3.61,2.58
1794,Everything I Need,The Best Of Men At Work,Men At Work,Rock,216476,3.61,2.63
1795,Down by the Sea,The Best Of Men At Work,Men At Work,Rock,408163,6.8,4.86
1796,Who Can It Be Now?,The Best Of Men At Work,Men At Work,Rock,202396,3.37,2.11
1797,It's a Mistake,The Best Of Men At Work,Men At Work,Rock,273371,4.56,3.23
1798,Dr. Heckyll & Mr. Jive,The Best Of Men At Work,Men At Work,Rock,278465,4.64,3.33
1799,Shakes and Ladders,The Best Of Men At Work,Men At Work,Rock,198008,3.3,2.83
1800,No Sign of Yesterday,The Best Of Men At Work,Men At Work,Rock,362004,6.03,3.83
1801,Enter Sandman,Black Album,Metallica,Metal,332251,5.54,3.4
1802,Sad But True,Black Album,Metallica,Metal,324754,5.41,3.78
1803,Holier Than Thou,Black Album,Metallica,Metal,227892,3.8,2.63
1804,The Unforgiven,Black Album,Metallica,Metal,387082,6.45,4.32
1805,Wherever I May Roam,Black Album,Metallica,Metal,404323,6.74,4.8
1806,Don't Tread On Me,Black Album,Metallica,Metal,240483,4.01,2.49
1807,Through The Never,Black Album,Metallica,Metal,244375,4.07,3.23
1808,Nothing Else Matters,Black Album,Metallica,Metal,388832,6.48,4.76
1809,Of Wolf And Man,Black Album,Metallica,Metal,256835,4.28,2.75
1810,The God That Failed,Black Album,Metallica,Metal,308610,5.14,3.18
1811,My Friend Of Misery,Black Album,Metallica,Metal,409547,6.83,4.19
1812,The Struggle Within,Black Album,Metallica,Metal,234240,3.9,2.82
1813,Helpless,Garage Inc. (Disc 2),Metallica,Metal,398315,6.64,4.95
1814,The Small Hours,Garage Inc. (Disc 2),Metallica,Metal,403435,6.72,4.51
1815,The Wait,Garage Inc. (Disc 2),Metallica,Metal,295418,4.92,3.68
1816,Crash Course In Brain Surgery,Garage Inc. (Disc 2),Metallica,Metal,190406,3.17,1.93
1817,Last Caress/Green Hell,Garage Inc. (Disc 2),Metallica,Metal,209972,3.5,2.4
1818,Am I Evil?,Garage Inc. (Disc 2),Metallica,Metal,470256,7.84,5.35
1819,Blitzkrieg,Garage Inc. (Disc 2),Metallica,Metal,216685,3.61,2.29
1820,Breadfan,Garage Inc. (Disc 2),Metallica,Metal,341551,5.69,4.13
1821,The Prince,Garage Inc. (Disc 2),Metallica,Metal,265769,4.43,2.79
1822,Stone Cold Crazy,Garage Inc. (Disc 2),Metallica,Metal,137717,2.3,1.53
1823,So What,Garage Inc. (Disc 2),Metallica,Metal,189152,3.15,2.49
1824,Killing Time,Garage Inc. (Disc 2),Metallica,Metal,183693,3.06,1.95
1825,Overkill,Garage Inc. (Disc 2),Metallica,Metal,245133,4.09,3.23
1826,Damage Case,Garage Inc. (Disc 2),Metallica,Metal,220212,3.67,2.33
1827,Stone Dead Forever,Garage Inc. (Disc 2),Metallica,Metal,292127,4.87,3.17
1828,Too Late Too Late,Garage Inc. (Disc 2),Metallica,Metal,192052,3.2,2.52
1829,Hit The Lights,Kill 'Em All,Metallica,Metal,257541,4.29,3.16
1830,The Four Horsemen,Kill 'Em All,Metallica,Metal,433188,7.22,5.12
1831,Motorbreath,Kill 'Em All,Metallica,Metal,188395,3.14,2.13
1832,Jump In The Fire,Kill 'Em All,Metallica,Metal,281573,4.69,3.68
1833,(Anesthesia) Pulling Teeth,Kill 'Em All,Metallica,Metal,254955,4.25,2.62
1834,Whiplash,Kill 'Em All,Metallica,Metal,249208,4.15,2.58
1835,Phantom Lord,Kill 'Em All,Metallica,Metal,302053,5.03,3.47
1836,No Remorse,Kill 'Em All,Metallica,Metal,386795,6.45,4.12
1837,Seek & Destroy,Kill 'Em All,Metallica,Metal,415817,6.93,4.93
1838,Metal Militia,Kill 'Em All,Metallica,Metal,311327,5.19,3.74
1839,Ain't My Bitch,Load,Metallica,Metal,304457,5.07,3.61
1840,"2 X 4",Load,Metallica,Metal,328254,5.47,4.01
1841,The House Jack Built,Load,Metallica,Metal,398942,6.65,4.26
1842,Until It Sleeps,Load,Metallica,Metal,269740,4.5,2.95
1843,King Nothing,Load,Metallica,Metal,328097,5.47,3.48
1844,Hero Of The Day,Load,Metallica,Metal,261982,4.37,3.43
1845,Bleeding Me,Load,Metallica,Metal,497998,8.3,5.83
1846,Cure,Load,Metallica,Metal,294347,4.91,3.74
1847,Poor Twisted Me,Load,Metallica,Metal,240065,4.0,2.72
1848,Wasted My Hate,Load,Metallica,Metal,237296,3.95,2.77
1849,Mama Said,Load,Metallica,Metal,319764,5.33,3.95
1850,Thorn Within,Load,Metallica,Metal,351738,5.86,3.88
1851,Ronnie,Load,Metallica,Metal,317204,5.29,3.86
1852,The Outlaw Torn,Load,Metallica,Metal,588721,9.81,6.21
1853,Battery,Master Of Puppets,Metallica,Metal,312424,5.21,3.78
1854,Master Of Puppets,Master Of Puppets,Metallica,Metal,515239,8.59,5.18
1855,The Thing That Should Not Be,Master Of Puppets,Metallica,Metal,396199,6.6,4.35
1856,Welcome Home (Sanitarium),Master Of Puppets,Metallica,Metal,387186,6.45,4.1
1857,Disposable Heroes,Master Of Puppets,Metallica,Metal,496718,8.28,5.19
1858,Leper Messiah,Master Of Puppets,Metallica,Metal,347428,5.79,3.58
1859,Orion,Master Of Puppets,Metallica,Metal,500062,8.33,5.91
1860,Damage Inc.,Master Of Puppets,Metallica,Metal,330919,5.52,4.28
1861,Fuel,ReLoad,Metallica,Metal,269557,4.49,3.2
1862,The Memory Remains,ReLoad,Metallica,Metal,279353,4.66,3.79
1863,Devil's Dance,ReLoad,Metallica,Metal,318955,5.32,3.88
1864,The Unforgiven II,ReLoad,Metallica,Metal,395520,6.59,4.19
1865,Better Than You,ReLoad,Metallica,Metal,322899,5.38,3.28
1866,Slither,ReLoad,Metallica,Metal,313103,5.22,3.66
1867,Carpe Diem Baby,ReLoad,Metallica,Metal,372480,6.21,3.92
1868,Bad Seed,ReLoad,Metallica,Metal,245394,4.09,2.86
1869,Where The Wild Things Are,ReLoad,Metallica,Metal,414380,6.91,4.45
1870,Prince Charming,ReLoad,Metallica,Metal,365061,6.08,4.48
1871,Low Man's Lyric,ReLoad,Metallica,Metal,457639,7.63,5.43
1872,Attitude,ReLoad,Metallica,Metal,315898,5.26,4.1
1873,Fixxxer,ReLoad,Metallica,Metal,496065,8.27,5.87
1874,Fight Fire With Fire,Ride The Lightning,Metallica,Metal,285753,4.76,3.68
1875,Ride The Lightning,Ride The Lightning,Metallica,Metal,397740,6.63,4.14
1876,For Whom The Bell Tolls,Ride The Lightning,Metallica,Metal,311719,5.2,4.03
1877,Fade To Black,Ride The Lightning,Metallica,Metal,414824,6.91,4.56
1878,Trapped Under Ice,Ride The Lightning,Metallica,Metal,244532,4.08,2.79
1879,Escape,Ride The Lightning,Metallica,Metal,264359,4.41,3.56
1880,Creeping Death,Ride The Lightning,Metallica,Metal,396878,6.61,4.32
1881,The Call Of Ktulu,Ride The Lightning,Metallica,Metal,534883,8.91,5.67
1882,Frantic,St. Anger,Metallica,Metal,350458,5.84,4.13
1883,St. Anger,St. Anger,Metallica,Metal,441234,7.35,4.46
1884,Some Kind Of Monster,St. Anger,Metallica,Metal,505626,8.43,5.35
1885,Dirty Window,St. Anger,Metallica,Metal,324989,5.42,3.42
1886,Invisible Kid,St. Anger,Metallica,Metal,510197,8.5,5.82
1887,My World,St. Anger,Metallica,Metal,345626,5.76,4.2
1888,Shoot Me Again,St. Anger,Metallica,Metal,430210,7.17,4.69
1889,Sweet Amber,St. Anger,Metallica,Metal,327235,5.45,3.42
1890,The Unnamed Feeling,St. Anger,Metallica,Metal,429479,7.16,4.32
1891,Purify,St. Anger,Metallica,Metal,314017,5.23,3.23
1892,All Within My Hands,St. Anger,Metallica,Metal,527986,8.8,5.71
1893,Blackened,...And Justice For All,Metallica,Metal,403382,6.72,4.92
1894,...And Justice For All,...And Justice For All,Metallica,Metal,585769,9.76,6.54
1895,Eye Of The Beholder,...And Justice For All,Metallica,Metal,385828,6.43,4.05
1896,One,...And Justice For All,Metallica,Metal,446484,7.44,4.67
1897,The Shortest Straw,...And Justice For All,Metallica,Metal,395389,6.59,4.54
1898,Harvester Of Sorrow,...And Justice For All,Metallica,Metal,345547,5.76,3.63
1899,The Frayed Ends Of Sanity,...And Justice For All,Metallica,Metal,464039,7.73,4.75
1900,To Live Is To Die,...And Justice For All,Metallica,Metal,588564,9.81,5.97
1901,Dyers Eve,...And Justice For All,Metallica,Metal,313991,5.23,3.61
1902,Springsville,Miles Ahead,Miles Davis,Jazz,207725,3.46,2.74
1903,The Maids Of Cadiz,Miles Ahead,Miles Davis,Jazz,233534,3.89,2.49
1904,The Duke,Miles Ahead,Miles Davis,Jazz,214961,3.58,2.58
1905,My Ship,Miles Ahead,Miles Davis,Jazz,268016,4.47,3.24
1906,Miles Ahead,Miles Ahead,Miles Davis,Jazz,209893,3.5,2.62
1907,Blues For Pablo,Miles Ahead,Miles Davis,Jazz,318328,5.31,3.91
1908,New Rhumba,Miles Ahead,Miles Davis,Jazz,276871,4.61,2.92
1909,The Meaning Of The Blues,Miles Ahead,Miles Davis,Jazz,168594,2.81,2.61
1910,Lament,Miles Ahead,Miles Davis,Jazz,134191,2.24,1.51
1911,I Don't Wanna Be Kissed (By Anyone But You),Miles Ahead,Miles Davis,Jazz,191320,3.19,2.65
1912,Springsville (Alternate Take),Miles Ahead,Miles Davis,Jazz,196388,3.27,2.12
1913,Blues For Pablo (Alternate Take),Miles Ahead,Miles Davis,Jazz,212558,3.54,2.76
1914,The Meaning Of The Blues/Lament (Alternate Take),Miles Ahead,Miles Davis,Jazz,309786,5.16,3.29
1915,I Don't Wanna Be Kissed (By Anyone But You) (Alternate Take),Miles Ahead,Miles Davis,Jazz,192078,3.2,2.08
1916,Coração De Estudante,Milton Nascimento Ao Vivo,Milton Nascimento,Latin,238550,3.98,2.89
1917,A Noite Do Meu Bem,Milton Nascimento Ao Vivo,Milton Nascimento,Latin,220081,3.67,3.13
1918,Paisagem Na Janela,Milton Nascimento Ao Vivo,Milton Nascimento,Latin,197694,3.29,2.11
1919,Cuitelinho,Milton Nascimento Ao Vivo,Milton Nascimento,Latin,209397,3.49,3
1920,Caxangá,Milton Nascimento Ao Vivo,Milton Nascimento,Latin,245551,4.09,2.73
1921,Nos Bailes Da Vida,Milton Nascimento Ao Vivo,Milton Nascimento,Latin,275748,4.6,2.83
1922,Menestrel Das Alagoas,Milton Nascimento Ao Vivo,Milton Nascimento,Latin,199758,3.33,2.38
1923,Brasil,Milton Nascimento Ao Vivo,Milton Nascimento,Latin,155428,2.59,2.34
1924,Canção Do Novo Mundo,Milton Nascimento Ao Vivo,Milton Nascimento,Latin,215353,3.59,2.84
1925,Um Gosto De Sol,Milton Nascimento Ao Vivo,Milton Nascimento,Latin,307200,5.12,3.38
1926,Solar,Milton Nascimento Ao Vivo,Milton Nascimento,Latin,156212,2.6,1.94
1927,Para Lennon E McCartney,Milton Nascimento Ao Vivo,Milton Nascimento,Latin,321828,5.36,4.01
1928,"Maria, Maria",Milton Nascimento Ao Vivo,Milton Nascimento,Latin,72463,1.21,1.7
1929,Minas,Minas,Milton Nascimento,Latin,152293,2.54,1.57
1930,"Fé Cega, Faca Amolada",Minas,Milton Nascimento,Latin,278099,4.63,2.98
1931,Beijo Partido,Minas,Milton Nascimento,Latin,229564,3.83,2.54
1932,Saudade Dos Aviões Da Panair (Conversando No Bar),Minas,Milton Nascimento,Latin,268721,4.48,3.31
1933,Gran Circo,Minas,Milton Nascimento,Latin,251297,4.19,2.76
1934,Ponta de Areia,Minas,Milton Nascimento,Latin,272796,4.55,3.42
1935,Trastevere,Minas,Milton Nascimento,Latin,265665,4.43,2.74
1936,Idolatrada,Minas,Milton Nascimento,Latin,286249,4.77,2.98
1937,Leila (Venha Ser Feliz),Minas,Milton Nascimento,Latin,209737,3.5,2.57
1938,Paula E Bebeto,Minas,Milton Nascimento,Latin,135732,2.26,2.14
1939,Simples,Minas,Milton Nascimento,Latin,133093,2.22,2.05
1940,Norwegian Wood,Minas,Milton Nascimento,Latin,413910,6.9,4.92
1941,Caso Você Queira Saber,Minas,Milton Nascimento,Latin,205688,3.43,2.64
1942,Ace Of Spades,Ace Of Spades,Motörhead,Metal,169926,2.83,2.55
1943,Love Me Like A Reptile,Ace Of Spades,Motörhead,Metal,203546,3.39,2.6
1944,Shoot You In The Back,Ace Of Spades,Motörhead,Metal,160026,2.67,1.68
1945,Live To Win,Ace Of Spades,Motörhead,Metal,217626,3.63,2.68
1946,Fast And Loose,Ace Of Spades,Motörhead,Metal,203337,3.39,2.45
1947,(We Are) The Road Crew,Ace Of Spades,Motörhead,Metal,192600,3.21,2.19
1948,Fire Fire,Ace Of Spades,Motörhead,Metal,164675,2.74,2.17
1949,Jailbait,Ace Of Spades,Motörhead,Metal,213916,3.57,3.05
1950,Dance,Ace Of Spades,Motörhead,Metal,158432,2.64,1.95
1951,Bite The Bullet,Ace Of Spades,Motörhead,Metal,98115,1.64,1.04
1952,The Chase Is Better Than The Catch,Ace Of Spades,Motörhead,Metal,258403,4.31,3.01
1953,The Hammer,Ace Of Spades,Motörhead,Metal,168071,2.8,2.12
1954,Dirty Love,Ace Of Spades,Motörhead,Metal,176457,2.94,2.72
1955,Please Don't Touch,Ace Of Spades,Motörhead,Metal,169926,2.83,2.65
1956,Emergency,Ace Of Spades,Motörhead,Metal,180427,3.01,2.5
1957,Kir Royal,Demorou...,Mônica Marianno,World,234788,3.91,3.24
1958,O Que Vai Em Meu Coração,Demorou...,Mônica Marianno,World,255373,4.26,3.13
1959,Aos Leões,Demorou...,Mônica Marianno,World,234684,3.91,3.17
1960,Dois Índios,Demorou...,Mônica Marianno,World,219271,3.65,2.36
1961,Noite Negra,Demorou...,Mônica Marianno,World,206811,3.45,2.36
1962,Beijo do Olhar,Demorou...,Mônica Marianno,World,252682,4.21,3.24
1963,É Fogo,Demorou...,Mônica Marianno,World,194873,3.25,2.87
1964,Já Foi,Demorou...,Mônica Marianno,World,245681,4.09,3.15
1965,Só Se For Pelo Cabelo,Demorou...,Mônica Marianno,World,238288,3.97,3.18
1966,No Clima,Demorou...,Mônica Marianno,World,249495,4.16,2.71
1967,A Moça e a Chuva,Demorou...,Mônica Marianno,World,274625,4.58,3.23
1968,Demorou!,Demorou...,Mônica Marianno,World,39131,0.65,0.92
1969,Bitter Pill,Motley Crue Greatest Hits,Mötley Crüe,Metal,266814,4.45,3.18
1970,Enslaved,Motley Crue Greatest Hits,Mötley Crüe,Metal,269844,4.5,2.8
1971,"Girls, Girls, Girls",Motley Crue Greatest Hits,Mötley Crüe,Metal,270288,4.5,2.83
1972,Kickstart My Heart,Motley Crue Greatest Hits,Mötley Crüe,Metal,283559,4.73,3.02
1973,Wild Side,Motley Crue Greatest Hits,Mötley Crüe,Metal,276767,4.61,3.27
1974,Glitter,Motley Crue Greatest Hits,Mötley Crüe,Metal,340114,5.67,3.98
1975,Dr. Feelgood,Motley Crue Greatest Hits,Mötley Crüe,Metal,282618,4.71,3.73
1976,Same Ol' Situation,Motley Crue Greatest Hits,Mötley Crüe,Metal,254511,4.24,2.74
1977,Home Sweet Home,Motley Crue Greatest Hits,Mötley Crüe,Metal,236904,3.95,3.01
1978,Afraid,Motley Crue Greatest Hits,Mötley Crüe,Metal,248006,4.13,2.71
1979,Don't Go Away Mad (Just Go Away),Motley Crue Greatest Hits,Mötley Crüe,Metal,279980,4.67,3.01
1980,Without You,Motley Crue Greatest Hits,Mötley Crüe,Metal,268956,4.48,3.42
1981,Smokin' in The Boys Room,Motley Crue Greatest Hits,Mötley Crüe,Metal,206837,3.45,2.46
1982,Primal Scream,Motley Crue Greatest Hits,Mötley Crüe,Metal,286197,4.77,3.72
1983,Too Fast For Love,Motley Crue Greatest Hits,Mötley Crüe,Metal,200829,3.35,2.2
1984,Looks That Kill,Motley Crue Greatest Hits,Mötley Crüe,Metal,240979,4.02,3.15
1985,Shout At The Devil,Motley Crue Greatest Hits,Mötley Crüe,Metal,221962,3.7,3.03
1986,Intro,From The Muddy Banks Of The Wishkah [Live],Nirvana,Rock,52218,0.87,0.92
1987,School,From The Muddy Banks Of The Wishkah [Live],Nirvana,Rock,160235,2.67,2.56
1988,Drain You,From The Muddy Banks Of The Wishkah [Live],Nirvana,Rock,215196,3.59,2.4
1989,Aneurysm,From The Muddy Banks Of The Wishkah [Live],Nirvana,Rock,271516,4.53,3.24
1990,Smells Like Teen Spirit,From The Muddy Banks Of The Wishkah [Live],Nirvana,Rock,287190,4.79,3.73
1991,Been A Son,From The Muddy Banks Of The Wishkah [Live],Nirvana,Rock,127555,2.13,2.02
1992,Lithium,From The Muddy Banks Of The Wishkah [Live],Nirvana,Rock,250017,4.17,3.44
1993,Sliver,From The Muddy Banks Of The Wishkah [Live],Nirvana,Rock,116218,1.94,1.93
1994,Spank Thru,From The Muddy Banks Of The Wishkah [Live],Nirvana,Rock,190354,3.17,2.88
1995,Scentless Apprentice,From The Muddy Banks Of The Wishkah [Live],Nirvana,Rock,211200,3.52,2.72
1996,Heart-Shaped Box,From The Muddy Banks Of The Wishkah [Live],Nirvana,Rock,281887,4.7,2.89
1997,Milk It,From The Muddy Banks Of The Wishkah [Live],Nirvana,Rock,225724,3.76,3.14
1998,Negative Creep,From The Muddy Banks Of The Wishkah [Live],Nirvana,Rock,163761,2.73,2.22
1999,Polly,From The Muddy Banks Of The Wishkah [Live],Nirvana,Rock,149995,2.5,2.4
2000,Breed,From The Muddy Banks Of The Wishkah [Live],Nirvana,Rock,208378,3.47,2.57
2001,Tourette's,From The Muddy Banks Of The Wishkah [Live],Nirvana,Rock,115591,1.93,1.51
2002,Blew,From The Muddy Banks Of The Wishkah [Live],Nirvana,Rock,216346,3.61,2.73
2003,Smells Like Teen Spirit,Nevermind,Nirvana,Rock,301296,5.02,3.03
2004,In Bloom,Nevermind,Nirvana,Rock,254928,4.25,3.17
2005,Come As You Are,Nevermind,Nirvana,Rock,219219,3.65,2.46
2006,Breed,Nevermind,Nirvana,Rock,183928,3.07,2.82
2007,Lithium,Nevermind,Nirvana,Rock,256992,4.28,2.9
2008,Polly,Nevermind,Nirvana,Rock,177031,2.95,2.77
2009,Territorial Pissings,Nevermind,Nirvana,Rock,143281,2.39,1.75
2010,Drain You,Nevermind,Nirvana,Rock,223973,3.73,2.87
2011,Lounge Act,Nevermind,Nirvana,Rock,156786,2.61,1.96
2012,Stay Away,Nevermind,Nirvana,Rock,212636,3.54,2.16
2013,On A Plain,Nevermind,Nirvana,Rock,196440,3.27,2.58
2014,Something In The Way,Nevermind,Nirvana,Rock,230556,3.84,2.77
2015,Time,Compositores,O Terço,Rock,96888,1.61,1.3
2016,P.S.Apareça,Compositores,O Terço,Rock,209188,3.49,2.15
2017,Sangue Latino,Compositores,O Terço,Rock,223033,3.72,2.3
2018,Folhas Secas,Compositores,O Terço,Rock,161253,2.69,1.8
2019,Poeira,Compositores,O Terço,Rock,267075,4.45,2.89
2020,Mágica,Compositores,O Terço,Rock,233743,3.9,2.69
2021,Quem Mata A Mulher Mata O Melhor,Compositores,O Terço,Rock,262791,4.38,2.76
2022,Mundaréu,Compositores,O Terço,Rock,217521,3.63,2.58
2023,O Braço Da Minha Guitarra,Compositores,O Terço,Rock,258351,4.31,3.35
2024,Deus,Compositores,O Terço,Rock,284160,4.74,3.23
2025,Mãe Terra,Compositores,O Terço,Rock,306625,5.11,3.23
2026,Às Vezes,Compositores,O Terço,Rock,330292,5.5,3.44
2027,Menino De Rua,Compositores,O Terço,Rock,329795,5.5,3.84
2028,Prazer E Fé,Compositores,O Terço,Rock,214831,3.58,3.02
2029,Elza,Compositores,O Terço,Rock,199105,3.32,2.52
2030,Requebra,Olodum,Olodum,Latin,240744,4.01,2.78
2031,Nossa Gente (Avisa Là),Olodum,Olodum,Latin,188212,3.14,2.78
2032,Olodum - Alegria Geral,Olodum,Olodum,Latin,233404,3.89,2.48
2033,Madagáscar Olodum,Olodum,Olodum,Latin,252264,4.2,2.64
2034,Faraó Divindade Do Egito,Olodum,Olodum,Latin,228571,3.81,3.02
2035,Todo Amor (Asas Da Liberdade),Olodum,Olodum,Latin,245133,4.09,3.13
2036,Denúncia,Olodum,Olodum,Latin,159555,2.66,1.82
2037,"Olodum, A Banda Do Pelô",Olodum,Olodum,Latin,146599,2.44,1.81
2038,Cartao Postal,Olodum,Olodum,Latin,211565,3.53,2.37
2039,Jeito Faceiro,Olodum,Olodum,Latin,217286,3.62,2.76
2040,Revolta Olodum,Olodum,Olodum,Latin,230191,3.84,2.6
2041,Reggae Odoyá,Olodum,Olodum,Latin,224470,3.74,2.26
2042,Protesto Do Olodum (Ao Vivo),Olodum,Olodum,Latin,206001,3.43,2.17
2043,Olodum - Smile (Instrumental),Olodum,Olodum,Latin,235833,3.93,2.71
2044,Vulcão Dub - Fui Eu,Acústico MTV,Os Paralamas Do Sucesso,Latin,287059,4.78,3.7
2045,O Trem Da Juventude,Acústico MTV,Os Paralamas Do Sucesso,Latin,225880,3.76,3.1
2046,Manguetown,Acústico MTV,Os Paralamas Do Sucesso,Latin,162925,2.72,2.47
2047,"Um Amor, Um Lugar",Acústico MTV,Os Paralamas Do Sucesso,Latin,184555,3.08,1.94
2048,Bora-Bora,Acústico MTV,Os Paralamas Do Sucesso,Latin,182987,3.05,2.26
2049,Vai Valer,Acústico MTV,Os Paralamas Do Sucesso,Latin,206524,3.44,2.39
2050,I Feel Good (I Got You) - Sossego,Acústico MTV,Os Paralamas Do Sucesso,Latin,244976,4.08,3.44
2051,Uns Dias,Acústico MTV,Os Paralamas Do Sucesso,Latin,240796,4.01,2.88
2052,Sincero Breu,Acústico MTV,Os Paralamas Do Sucesso,Latin,208013,3.47,2.69
2053,Meu Erro,Acústico MTV,Os Paralamas Do Sucesso,Latin,188577,3.14,2.86
2054,Selvagem,Acústico MTV,Os Paralamas Do Sucesso,Latin,148558,2.48,2.34
2055,Brasília 5:31,Acústico MTV,Os Paralamas Do Sucesso,Latin,178337,2.97,2.12
2056,Tendo A Lua,Acústico MTV,Os Paralamas Do Sucesso,Latin,198922,3.32,2.88
2057,Que País É Este,Acústico MTV,Os Paralamas Do Sucesso,Latin,216685,3.61,2.36
2058,Navegar Impreciso,Acústico MTV,Os Paralamas Do Sucesso,Latin,262870,4.38,3.29
2059,Feira Moderna,Acústico MTV,Os Paralamas Do Sucesso,Latin,182517,3.04,1.93
2060,Tequila - Lourinha Bombril (Parate Y Mira),Acústico MTV,Os Paralamas Do Sucesso,Latin,255738,4.26,3.25
2061,Vamo Batê Lata,Acústico MTV,Os Paralamas Do Sucesso,Latin,228754,3.81,2.99
2062,Life During Wartime,Acústico MTV,Os Paralamas Do Sucesso,Latin,259186,4.32,3.53
2063,Nebulosa Do Amor,Acústico MTV,Os Paralamas Do Sucesso,Latin,203415,3.39,2.12
2064,Caleidoscópio,Acústico MTV,Os Paralamas Do Sucesso,Latin,256522,4.28,3.07
2065,Trac Trac,Arquivo II,Os Paralamas Do Sucesso,Latin,231653,3.86,3.1
2066,Tendo A Lua,Arquivo II,Os Paralamas Do Sucesso,Latin,219585,3.66,2.48
2067,Mensagen De Amor (2000),Arquivo II,Os Paralamas Do Sucesso,Latin,183588,3.06,1.95
2068,Lourinha Bombril,Arquivo II,Os Paralamas Do Sucesso,Latin,159895,2.66,2.52
2069,La Bella Luna,Arquivo II,Os Paralamas Do Sucesso,Latin,192653,3.21,2.61
2070,Busca Vida,Arquivo II,Os Paralamas Do Sucesso,Latin,176431,2.94,2.55
2071,Uma Brasileira,Arquivo II,Os Paralamas Do Sucesso,Latin,217573,3.63,3.11
2072,Luis Inacio (300 Picaretas),Arquivo II,Os Paralamas Do Sucesso,Latin,198191,3.3,2.36
2073,Saber Amar,Arquivo II,Os Paralamas Do Sucesso,Latin,202788,3.38,2.43
2074,Ela Disse Adeus,Arquivo II,Os Paralamas Do Sucesso,Latin,226298,3.77,2.47
2075,O Amor Nao Sabe Esperar,Arquivo II,Os Paralamas Do Sucesso,Latin,241084,4.02,3.23
2076,Aonde Quer Que Eu Va,Arquivo II,Os Paralamas Do Sucesso,Latin,258089,4.3,3.46
2077,Caleidoscópio,Arquivo Os Paralamas Do Sucesso,Os Paralamas Do Sucesso,Latin,211330,3.52,2.44
2078,Óculos,Arquivo Os Paralamas Do Sucesso,Os Paralamas Do Sucesso,Latin,219271,3.65,2.46
2079,Cinema Mudo,Arquivo Os Paralamas Do Sucesso,Os Paralamas Do Sucesso,Latin,227918,3.8,2.44
2080,Alagados,Arquivo Os Paralamas Do Sucesso,Os Paralamas Do Sucesso,Latin,302393,5.04,3.47
2081,Lanterna Dos Afogados,Arquivo Os Paralamas Do Sucesso,Os Paralamas Do Sucesso,Latin,190197,3.17,2.74
2082,Melô Do Marinheiro,Arquivo Os Paralamas Do Sucesso,Os Paralamas Do Sucesso,Latin,208352,3.47,2.74
2083,Vital E Sua Moto,Arquivo Os Paralamas Do Sucesso,Os Paralamas Do Sucesso,Latin,210207,3.5,2.74
2084,O Beco,Arquivo Os Paralamas Do Sucesso,Os Paralamas Do Sucesso,Latin,189178,3.15,2.28
2085,Meu Erro,Arquivo Os Paralamas Do Sucesso,Os Paralamas Do Sucesso,Latin,208431,3.47,2.42
2086,Perplexo,Arquivo Os Paralamas Do Sucesso,Os Paralamas Do Sucesso,Latin,161175,2.69,1.94
2087,Me Liga,Arquivo Os Paralamas Do Sucesso,Os Paralamas Do Sucesso,Latin,229590,3.83,2.83
2088,Quase Um Segundo,Arquivo Os Paralamas Do Sucesso,Os Paralamas Do Sucesso,Latin,275644,4.59,2.86
2089,Selvagem,Arquivo Os Paralamas Do Sucesso,Os Paralamas Do Sucesso,Latin,245890,4.1,3.01
2090,Romance Ideal,Arquivo Os Paralamas Do Sucesso,Os Paralamas Do Sucesso,Latin,250070,4.17,3.08
2091,Será Que Vai Chover?,Arquivo Os Paralamas Do Sucesso,Os Paralamas Do Sucesso,Latin,337057,5.62,3.99
2092,SKA,Arquivo Os Paralamas Do Sucesso,Os Paralamas Do Sucesso,Latin,148871,2.48,1.94
2093,Bark at the Moon,Bark at the Moon (Remastered),Ozzy Osbourne,Rock,257252,4.29,2.97
2094,I Don't Know,Blizzard of Ozz,Ozzy Osbourne,Rock,312980,5.22,3.17
2095,Crazy Train,Blizzard of Ozz,Ozzy Osbourne,Rock,295960,4.93,3.68
2096,Flying High Again,Diary of a Madman (Remastered),Ozzy Osbourne,Rock,290851,4.85,3.73
2097,"Mama, I'm Coming Home",No More Tears (Remastered),Ozzy Osbourne,Rock,251586,4.19,3.4
2098,No More Tears,No More Tears (Remastered),Ozzy Osbourne,Rock,444358,7.41,5.04
2099,I Don't Know,Tribute,Ozzy Osbourne,Metal,283088,4.72,3.63
2100,Crazy Train,Tribute,Ozzy Osbourne,Metal,322716,5.38,3.86
2101,Believer,Tribute,Ozzy Osbourne,Metal,308897,5.15,4.04
2102,Mr. Crowley,Tribute,Ozzy Osbourne,Metal,344241,5.74,4.39
2103,Flying High Again,Tribute,Ozzy Osbourne,Metal,261224,4.35,3.54
2104,Relvelation (Mother Earth),Tribute,Ozzy Osbourne,Metal,349440,5.82,4.07
2105,Steal Away (The Night),Tribute,Ozzy Osbourne,Metal,485720,8.1,4.98
2106,Suicide Solution (With Guitar Solo),Tribute,Ozzy Osbourne,Metal,467069,7.78,5.06
2107,Iron Man,Tribute,Ozzy Osbourne,Metal,172120,2.87,2.4
2108,Children Of The Grave,Tribute,Ozzy Osbourne,Metal,357067,5.95,3.83
2109,Paranoid,Tribute,Ozzy Osbourne,Metal,176352,2.94,2.16
2110,Goodbye To Romance,Tribute,Ozzy Osbourne,Metal,334393,5.57,3.61
2111,No Bone Movies,Tribute,Ozzy Osbourne,Metal,249208,4.15,2.87
2112,Dee,Tribute,Ozzy Osbourne,Metal,261302,4.36,2.95
2113,Shining In The Light,Walking Into Clarksdale,Page & Plant,Rock,240796,4.01,2.6
2114,When The World Was Young,Walking Into Clarksdale,Page & Plant,Rock,373394,6.22,3.92
2115,Upon A Golden Horse,Walking Into Clarksdale,Page & Plant,Rock,232359,3.87,3.29
2116,Blue Train,Walking Into Clarksdale,Page & Plant,Rock,405028,6.75,4.31
2117,Please Read The Letter,Walking Into Clarksdale,Page & Plant,Rock,262112,4.37,2.74
2118,Most High,Walking Into Clarksdale,Page & Plant,Rock,336535,5.61,4.04
2119,Heart In Your Hand,Walking Into Clarksdale,Page & Plant,Rock,230896,3.85,2.97
2120,Walking Into Clarksdale,Walking Into Clarksdale,Page & Plant,Rock,318511,5.31,3.49
2121,Burning Up,Walking Into Clarksdale,Page & Plant,Rock,321619,5.36,3.9
2122,When I Was A Child,Walking Into Clarksdale,Page & Plant,Rock,345626,5.76,4.22
2123,House Of Love,Walking Into Clarksdale,Page & Plant,Rock,335699,5.59,3.4
2124,Sons Of Freedom,Walking Into Clarksdale,Page & Plant,Rock,246465,4.11,2.76
2125,United Colours,Original Soundtracks 1,Passengers,Soundtrack,330266,5.5,3.85
2126,Slug,Original Soundtracks 1,Passengers,Soundtrack,281469,4.69,2.84
2127,Your Blue Room,Original Soundtracks 1,Passengers,Soundtrack,328228,5.47,3.44
2128,Always Forever Now,Original Soundtracks 1,Passengers,Soundtrack,383764,6.4,4.67
2129,A Different Kind Of Blue,Original Soundtracks 1,Passengers,Soundtrack,120816,2.01,1.52
2130,Beach Sequence,Original Soundtracks 1,Passengers,Soundtrack,212297,3.54,2.34
2131,Miss Sarajevo,Original Soundtracks 1,Passengers,Soundtrack,340767,5.68,4.4
2132,Ito Okashi,Original Soundtracks 1,Passengers,Soundtrack,205087,3.42,2.23
2133,One Minute Warning,Original Soundtracks 1,Passengers,Soundtrack,279693,4.66,3.78
2134,Corpse (These Chains Are Way Too Long),Original Soundtracks 1,Passengers,Soundtrack,214909,3.58,2.9
2135,Elvis Ate America,Original Soundtracks 1,Passengers,Soundtrack,180166,3.0,2.73
2136,Plot 180,Original Soundtracks 1,Passengers,Soundtrack,221596,3.69,3.03
2137,Theme From The Swan,Original Soundtracks 1,Passengers,Soundtrack,203911,3.4,2.47
2138,Theme From Let's Go Native,Original Soundtracks 1,Passengers,Soundtrack,186723,3.11,2.07
2139,Wrathchild,The Beast Live,Paul D'Ianno,Rock,170396,2.84,2.43
2140,Killers,The Beast Live,Paul D'Ianno,Rock,309995,5.17,3.13
2141,Prowler,The Beast Live,Paul D'Ianno,Rock,240274,4.0,2.46
2142,Murders In The Rue Morgue,The Beast Live,Paul D'Ianno,Rock,258638,4.31,3.22
2143,Women In Uniform,The Beast Live,Paul D'Ianno,Rock,189936,3.17,2.01
2144,Remember Tomorrow,The Beast Live,Paul D'Ianno,Rock,326426,5.44,4.05
2145,Sanctuary,The Beast Live,Paul D'Ianno,Rock,198844,3.31,2.4
2146,Running Free,The Beast Live,Paul D'Ianno,Rock,199706,3.33,2.9
2147,Phantom Of The Opera,The Beast Live,Paul D'Ianno,Rock,418168,6.97,5.01
2148,Iron Maiden,The Beast Live,Paul D'Ianno,Rock,235232,3.92,3.03
2149,Corduroy,Live On Two Legs [Live],Pearl Jam,Rock,305293,5.09,3.47
2150,Given To Fly,Live On Two Legs [Live],Pearl Jam,Rock,233613,3.89,2.98
2151,"Hail, Hail",Live On Two Legs [Live],Pearl Jam,Rock,223764,3.73,2.25
2152,Daughter,Live On Two Legs [Live],Pearl Jam,Rock,407484,6.79,5.02
2153,Elderly Woman Behind The Counter In A Small Town,Live On Two Legs [Live],Pearl Jam,Rock,229328,3.82,2.48
2154,Untitled,Live On Two Legs [Live],Pearl Jam,Rock,122801,2.05,1.28
2155,MFC,Live On Two Legs [Live],Pearl Jam,Rock,148192,2.47,1.94
2156,Go,Live On Two Legs [Live],Pearl Jam,Rock,161541,2.69,1.74
2157,Red Mosquito,Live On Two Legs [Live],Pearl Jam,Rock,242991,4.05,2.95
2158,Even Flow,Live On Two Legs [Live],Pearl Jam,Rock,317100,5.29,3.19
2159,Off He Goes,Live On Two Legs [Live],Pearl Jam,Rock,343222,5.72,3.96
2160,Nothingman,Live On Two Legs [Live],Pearl Jam,Rock,278595,4.64,3.39
2161,Do The Evolution,Live On Two Legs [Live],Pearl Jam,Rock,225462,3.76,2.61
2162,Better Man,Live On Two Legs [Live],Pearl Jam,Rock,246204,4.1,3.38
2163,Black,Live On Two Legs [Live],Pearl Jam,Rock,415712,6.93,4.28
2164,F*Ckin' Up,Live On Two Legs [Live],Pearl Jam,Rock,377652,6.29,3.89
2165,Life Wasted,Pearl Jam,Pearl Jam,Alternative & Punk,234344,3.91,2.75
2166,World Wide Suicide,Pearl Jam,Pearl Jam,Alternative & Punk,209188,3.49,2.5
2167,Comatose,Pearl Jam,Pearl Jam,Alternative & Punk,139990,2.33,1.73
2168,Severed Hand,Pearl Jam,Pearl Jam,Alternative & Punk,270341,4.51,3.55
2169,Marker In The Sand,Pearl Jam,Pearl Jam,Alternative & Punk,263235,4.39,3.42
2170,Parachutes,Pearl Jam,Pearl Jam,Alternative & Punk,216555,3.61,2.64
2171,Unemployable,Pearl Jam,Pearl Jam,Alternative & Punk,184398,3.07,2.77
2172,Big Wave,Pearl Jam,Pearl Jam,Alternative & Punk,178573,2.98,2.18
2173,Gone,Pearl Jam,Pearl Jam,Alternative & Punk,249547,4.16,2.69
2174,Wasted Reprise,Pearl Jam,Pearl Jam,Alternative & Punk,53733,0.9,1.12
2175,Army Reserve,Pearl Jam,Pearl Jam,Alternative & Punk,225567,3.76,2.28
2176,Come Back,Pearl Jam,Pearl Jam,Alternative & Punk,329743,5.5,3.58
2177,Inside Job,Pearl Jam,Pearl Jam,Alternative & Punk,428643,7.14,5.27
2178,Can't Keep,Riot Act,Pearl Jam,Rock,219428,3.66,3.04
2179,Save You,Riot Act,Pearl Jam,Rock,230112,3.84,3
2180,Love Boat Captain,Riot Act,Pearl Jam,Rock,276453,4.61,3.03
2181,Cropduster,Riot Act,Pearl Jam,Rock,231888,3.86,2.84
2182,Ghost,Riot Act,Pearl Jam,Rock,195108,3.25,2.12
2183,I Am Mine,Riot Act,Pearl Jam,Rock,215719,3.6,2.77
2184,Thumbing My Way,Riot Act,Pearl Jam,Rock,250226,4.17,3.12
2185,You Are,Riot Act,Pearl Jam,Rock,270863,4.51,3.54
2186,Get Right,Riot Act,Pearl Jam,Rock,158589,2.64,2.12
2187,Green Disease,Riot Act,Pearl Jam,Rock,161253,2.69,2.5
2188,Help Help,Riot Act,Pearl Jam,Rock,215092,3.58,2.92
2189,Bushleager,Riot Act,Pearl Jam,Rock,237479,3.96,2.53
2190,"1/2 Full",Riot Act,Pearl Jam,Rock,251010,4.18,3.28
2191,Arc,Riot Act,Pearl Jam,Rock,65593,1.09,1.25
2192,All or None,Riot Act,Pearl Jam,Rock,277655,4.63,3.7
2193,Once,Ten,Pearl Jam,Rock,231758,3.86,3.02
2194,Evenflow,Ten,Pearl Jam,Rock,293720,4.9,2.96
2195,Alive,Ten,Pearl Jam,Rock,341080,5.68,3.87
2196,Why Go,Ten,Pearl Jam,Rock,200254,3.34,2.89
2197,Black,Ten,Pearl Jam,Rock,343823,5.73,4.35
2198,Jeremy,Ten,Pearl Jam,Rock,318981,5.32,3.81
2199,Oceans,Ten,Pearl Jam,Rock,162194,2.7,2.57
2200,Porch,Ten,Pearl Jam,Rock,210520,3.51,2.11
2201,Garden,Ten,Pearl Jam,Rock,299154,4.99,3.28
2202,Deep,Ten,Pearl Jam,Rock,258324,4.31,2.61
2203,Release,Ten,Pearl Jam,Rock,546063,9.1,5.59
2204,Go,Vs.,Pearl Jam,Rock,193123,3.22,2.36
2205,Animal,Vs.,Pearl Jam,Rock,169325,2.82,2.68
2206,Daughter,Vs.,Pearl Jam,Rock,235598,3.93,2.68
2207,Glorified G,Vs.,Pearl Jam,Rock,206968,3.45,2.44
2208,Dissident,Vs.,Pearl Jam,Rock,215510,3.59,2.7
2209,W.M.A.,Vs.,Pearl Jam,Rock,359262,5.99,3.96
2210,Blood,Vs.,Pearl Jam,Rock,170631,2.84,2.27
2211,Rearviewmirror,Vs.,Pearl Jam,Rock,284186,4.74,3.34
2212,Rats,Vs.,Pearl Jam,Rock,255425,4.26,2.72
2213,Elderly Woman Behind The Counter In A Small Town,Vs.,Pearl Jam,Rock,196336,3.27,2.2
2214,Leash,Vs.,Pearl Jam,Rock,189257,3.15,2.61
2215,Indifference,Vs.,Pearl Jam,Rock,302053,5.03,3.17
2216,Johnny B. Goode,Greatest Hits,Lenny Kravitz,Reggae,243200,4.05,3.39
2217,Don't Look Back,Greatest Hits,Lenny Kravitz,Reggae,221100,3.69,2.71
2218,Jah Seh No,Greatest Hits,Lenny Kravitz,Reggae,276871,4.61,3.61
2219,I'm The Toughest,Greatest Hits,Lenny Kravitz,Reggae,230191,3.84,2.34
2220,Nothing But Love,Greatest Hits,Lenny Kravitz,Reggae,221570,3.69,2.85
2221,Buk-In-Hamm Palace,Greatest Hits,Lenny Kravitz,Reggae,265665,4.43,2.98
2222,Bush Doctor,Greatest Hits,Lenny Kravitz,Reggae,239751,4.0,3.12
2223,Wanted Dread And Alive,Greatest Hits,Lenny Kravitz,Reggae,260310,4.34,2.84
2224,Mystic Man,Greatest Hits,Lenny Kravitz,Reggae,353671,5.89,4.17
2225,Coming In Hot,Greatest Hits,Lenny Kravitz,Reggae,213054,3.55,2.22
2226,Pick Myself Up,Greatest Hits,Lenny Kravitz,Reggae,234684,3.91,2.92
2227,Crystal Ball,Greatest Hits,Lenny Kravitz,Reggae,309733,5.16,3.36
2228,Equal Rights Downpresser Man,Greatest Hits,Lenny Kravitz,Reggae,366733,6.11,3.72
2229,Speak To Me/Breathe,Dark Side Of The Moon,Pink Floyd,Rock,234213,3.9,2.53
2230,On The Run,Dark Side Of The Moon,Pink Floyd,Rock,214595,3.58,3.07
2231,Time,Dark Side Of The Moon,Pink Floyd,Rock,425195,7.09,4.77
2232,The Great Gig In The Sky,Dark Side Of The Moon,Pink Floyd,Rock,284055,4.73,3.31
2233,Money,Dark Side Of The Moon,Pink Floyd,Rock,391888,6.53,3.97
2234,Us And Them,Dark Side Of The Moon,Pink Floyd,Rock,461035,7.68,5.4
2235,Any Colour You Like,Dark Side Of The Moon,Pink Floyd,Rock,205740,3.43,2.58
2236,Brain Damage,Dark Side Of The Moon,Pink Floyd,Rock,230556,3.84,2.96
2237,Eclipse,Dark Side Of The Moon,Pink Floyd,Rock,125361,2.09,2.05
2238,ZeroVinteUm,Os Cães Ladram Mas A Caravana Não Pára,Planet Hemp,Hip Hop/Rap,315637,5.26,3.33
2239,Queimando Tudo,Os Cães Ladram Mas A Caravana Não Pára,Planet Hemp,Hip Hop/Rap,172591,2.88,2.53
2240,Hip Hop Rio,Os Cães Ladram Mas A Caravana Não Pára,Planet Hemp,Hip Hop/Rap,151536,2.53,1.85
2241,Bossa,Os Cães Ladram Mas A Caravana Não Pára,Planet Hemp,Hip Hop/Rap,29048,0.48,0.37
2242,"100% HardCore",Os Cães Ladram Mas A Caravana Não Pára,Planet Hemp,Hip Hop/Rap,165146,2.75,2.03
2243,Biruta,Os Cães Ladram Mas A Caravana Não Pára,Planet Hemp,Hip Hop/Rap,213263,3.55,2.15
2244,Mão Na Cabeça,Os Cães Ladram Mas A Caravana Não Pára,Planet Hemp,Hip Hop/Rap,202631,3.38,2.1
2245,O Bicho Tá Pregando,Os Cães Ladram Mas A Caravana Não Pára,Planet Hemp,Hip Hop/Rap,171964,2.87,1.75
2246,Adoled (Ocean),Os Cães Ladram Mas A Caravana Não Pára,Planet Hemp,Hip Hop/Rap,185103,3.09,2.76
2247,Seus Amigos,Os Cães Ladram Mas A Caravana Não Pára,Planet Hemp,Hip Hop/Rap,100858,1.68,1.36
2248,Paga Pau,Os Cães Ladram Mas A Caravana Não Pára,Planet Hemp,Hip Hop/Rap,197485,3.29,2.07
2249,Rappers Reais,Os Cães Ladram Mas A Caravana Não Pára,Planet Hemp,Hip Hop/Rap,202004,3.37,2.52
2250,Nega Do Cabelo Duro,Os Cães Ladram Mas A Caravana Não Pára,Planet Hemp,Hip Hop/Rap,121808,2.03,1.63
2251,Hemp Family,Os Cães Ladram Mas A Caravana Não Pára,Planet Hemp,Hip Hop/Rap,205923,3.43,2.72
2252,Quem Me Cobrou?,Os Cães Ladram Mas A Caravana Não Pára,Planet Hemp,Hip Hop/Rap,121704,2.03,2
2253,Se Liga,Os Cães Ladram Mas A Caravana Não Pára,Planet Hemp,Hip Hop/Rap,410409,6.84,4.29
2254,Bohemian Rhapsody,Greatest Hits I,Queen,Rock,358948,5.98,4.53
2255,Another One Bites The Dust,Greatest Hits I,Queen,Rock,216946,3.62,2.44
2256,Killer Queen,Greatest Hits I,Queen,Rock,182099,3.03,2.57
2257,Fat Bottomed Girls,Greatest Hits I,Queen,Rock,204695,3.41,2.11
2258,Bicycle Race,Greatest Hits I,Queen,Rock,183823,3.06,2.66
2259,You're My Best Friend,Greatest Hits I,Queen,Rock,172225,2.87,2.53
2260,Don't Stop Me Now,Greatest Hits I,Queen,Rock,211826,3.53,3.08
2261,Save Me,Greatest Hits I,Queen,Rock,228832,3.81,3.05
2262,Crazy Little Thing Called Love,Greatest Hits I,Queen,Rock,164231,2.74,1.73
2263,Somebody To Love,Greatest Hits I,Queen,Rock,297351,4.96,2.98
2264,Now I'm Here,Greatest Hits I,Queen,Rock,255346,4.26,2.88
2265,Good Old-Fashioned Lover Boy,Greatest Hits I,Queen,Rock,175960,2.93,2.39
2266,Play The Game,Greatest Hits I,Queen,Rock,213368,3.56,2.45
2267,Flash,Greatest Hits I,Queen,Rock,168489,2.81,2.55
2268,Seven Seas Of Rhye,Greatest Hits I,Queen,Rock,170553,2.84,2.55
2269,We Will Rock You,Greatest Hits I,Queen,Rock,122880,2.05,1.35
2270,We Are The Champions,Greatest Hits I,Queen,Rock,180950,3.02,2.62
2271,We Will Rock You,News Of The World,Queen,Rock,122671,2.04,1.47
2272,We Are The Champions,News Of The World,Queen,Rock,182883,3.05,2.56
2273,Sheer Heart Attack,News Of The World,Queen,Rock,207386,3.46,2.49
2274,"All Dead, All Dead",News Of The World,Queen,Rock,190119,3.17,2.74
2275,Spread Your Wings,News Of The World,Queen,Rock,275356,4.59,2.84
2276,Fight From The Inside,News Of The World,Queen,Rock,184737,3.08,2.33
2277,"Get Down, Make Love",News Of The World,Queen,Rock,231235,3.85,3.07
2278,Sleep On The Sidewalk,News Of The World,Queen,Rock,187428,3.12,2.27
2279,Who Needs You,News Of The World,Queen,Rock,186958,3.12,2.49
2280,It's Late,News Of The World,Queen,Rock,386194,6.44,4.51
2281,My Melancholy Blues,News Of The World,Queen,Rock,206471,3.44,2.51
2282,Shiny Happy People,Out Of Time,R.E.M. Feat. Kate Pearson,Alternative & Punk,226298,3.77,2.29
2283,Me In Honey,Out Of Time,R.E.M. Feat. Kate Pearson,Alternative & Punk,246674,4.11,2.59
2284,Radio Song,Out Of Time,R.E.M. Feat. Kate Pearson,Alternative & Punk,255477,4.26,2.98
2285,Pop Song 89,Green,R.E.M.,Alternative & Punk,185730,3.1,2.73
2286,Get Up,Green,R.E.M.,Alternative & Punk,160235,2.67,2.1
2287,You Are The Everything,Green,R.E.M.,Alternative & Punk,226298,3.77,2.59
2288,Stand,Green,R.E.M.,Alternative & Punk,192862,3.21,2.85
2289,World Leader Pretend,Green,R.E.M.,Alternative & Punk,259761,4.33,3.58
2290,The Wrong Child,Green,R.E.M.,Alternative & Punk,216633,3.61,2.57
2291,Orange Crush,Green,R.E.M.,Alternative & Punk,231706,3.86,3.24
2292,Turn You Inside-Out,Green,R.E.M.,Alternative & Punk,257358,4.29,3.15
2293,Hairshirt,Green,R.E.M.,Alternative & Punk,235911,3.93,2.52
2294,I Remember California,Green,R.E.M.,Alternative & Punk,304013,5.07,3.27
2295,Untitled,Green,R.E.M.,Alternative & Punk,191503,3.19,2.08
2296,How The West Was Won And Where It Got Us,New Adventures In Hi-Fi,R.E.M.,Rock,271151,4.52,3.57
2297,The Wake-Up Bomb,New Adventures In Hi-Fi,R.E.M.,Rock,308532,5.14,4.01
2298,New Test Leper,New Adventures In Hi-Fi,R.E.M.,Rock,326791,5.45,3.74
2299,Undertow,New Adventures In Hi-Fi,R.E.M.,Rock,309498,5.16,3.38
2300,E-Bow The Letter,New Adventures In Hi-Fi,R.E.M.,Rock,324963,5.42,3.63
2301,Leave,New Adventures In Hi-Fi,R.E.M.,Rock,437968,7.3,4.72
2302,Departure,New Adventures In Hi-Fi,R.E.M.,Rock,209423,3.49,2.12
2303,Bittersweet Me,New Adventures In Hi-Fi,R.E.M.,Rock,245812,4.1,3
2304,Be Mine,New Adventures In Hi-Fi,R.E.M.,Rock,333087,5.55,4.21
2305,Binky The Doormat,New Adventures In Hi-Fi,R.E.M.,Rock,301688,5.03,3.91
2306,Zither,New Adventures In Hi-Fi,R.E.M.,Rock,154148,2.57,2.3
2307,"So Fast, So Numb",New Adventures In Hi-Fi,R.E.M.,Rock,252682,4.21,3.16
2308,Low Desert,New Adventures In Hi-Fi,R.E.M.,Rock,212062,3.53,2.46
2309,Electrolite,New Adventures In Hi-Fi,R.E.M.,Rock,245315,4.09,3.32
2310,Losing My Religion,Out Of Time,R.E.M. Feat. Kate Pearson,Alternative & Punk,269035,4.48,3.56
2311,Low,Out Of Time,R.E.M. Feat. Kate Pearson,Alternative & Punk,296777,4.95,3.96
2312,Near Wild Heaven,Out Of Time,R.E.M. Feat. Kate Pearson,Alternative & Punk,199862,3.33,2.74
2313,Endgame,Out Of Time,R.E.M. Feat. Kate Pearson,Alternative & Punk,230687,3.84,3.1
2314,Belong,Out Of Time,R.E.M. Feat. Kate Pearson,Alternative & Punk,247013,4.12,2.9
2315,Half A World Away,Out Of Time,R.E.M. Feat. Kate Pearson,Alternative & Punk,208431,3.47,2.58
2316,Texarkana,Out Of Time,R.E.M. Feat. Kate Pearson,Alternative & Punk,220081,3.67,3.07
2317,Country Feedback,Out Of Time,R.E.M. Feat. Kate Pearson,Alternative & Punk,249782,4.16,3.11
2318,Carnival Of Sorts,The Best Of R.E.M.: The IRS Years,R.E.M.,Alternative & Punk,233482,3.89,3.21
2319,Radio Free Aurope,The Best Of R.E.M.: The IRS Years,R.E.M.,Alternative & Punk,245315,4.09,2.68
2320,Perfect Circle,The Best Of R.E.M.: The IRS Years,R.E.M.,Alternative & Punk,208509,3.48,2.53
2321,Talk About The Passion,The Best Of R.E.M.: The IRS Years,R.E.M.,Alternative & Punk,203206,3.39,2.9
2322,So Central Rain,The Best Of R.E.M.: The IRS Years,R.E.M.,Alternative & Punk,194768,3.25,1.97
2323,Don't Go Back To Rockville,The Best Of R.E.M.: The IRS Years,R.E.M.,Alternative & Punk,272352,4.54,3.28
2324,Pretty Persuasion,The Best Of R.E.M.: The IRS Years,R.E.M.,Alternative & Punk,229929,3.83,2.91
2325,Green Grow The Rushes,The Best Of R.E.M.: The IRS Years,R.E.M.,Alternative & Punk,225671,3.76,2.73
2326,Can't Get There From Here,The Best Of R.E.M.: The IRS Years,R.E.M.,Alternative & Punk,220630,3.68,2.24
2327,Driver 8,The Best Of R.E.M.: The IRS Years,R.E.M.,Alternative & Punk,204747,3.41,2.65
2328,Fall On Me,The Best Of R.E.M.: The IRS Years,R.E.M.,Alternative & Punk,172016,2.87,2.2
2329,I Believe,The Best Of R.E.M.: The IRS Years,R.E.M.,Alternative & Punk,227709,3.8,2.75
2330,Cuyahoga,The Best Of R.E.M.: The IRS Years,R.E.M.,Alternative & Punk,260623,4.34,2.86
2331,The One I Love,The Best Of R.E.M.: The IRS Years,R.E.M.,Alternative & Punk,197355,3.29,2.86
2332,The Finest Worksong,The Best Of R.E.M.: The IRS Years,R.E.M.,Alternative & Punk,229276,3.82,2.91
2333,It's The End Of The World As We Know It (And I Feel Fine),The Best Of R.E.M.: The IRS Years,R.E.M.,Alternative & Punk,244819,4.08,2.48
2334,Infeliz Natal,Cesta Básica,Raimundos,Alternative & Punk,138266,2.3,1.56
2335,A Sua,Cesta Básica,Raimundos,Alternative & Punk,142132,2.37,1.87
2336,Papeau Nuky Doe,Cesta Básica,Raimundos,Alternative & Punk,121652,2.03,1.5
2337,Merry Christmas,Cesta Básica,Raimundos,Alternative & Punk,126040,2.1,1.75
2338,Bodies,Cesta Básica,Raimundos,Alternative & Punk,180035,3.0,2.2
2339,Puteiro Em João Pessoa,Cesta Básica,Raimundos,Alternative & Punk,195578,3.26,2.7
2340,Esporrei Na Manivela,Cesta Básica,Raimundos,Alternative & Punk,293276,4.89,3.86
2341,Bê-a-Bá,Cesta Básica,Raimundos,Alternative & Punk,249051,4.15,3.03
2342,Cajueiro,Cesta Básica,Raimundos,Alternative & Punk,158589,2.64,1.81
2343,Palhas Do Coqueiro,Cesta Básica,Raimundos,Alternative & Punk,133851,2.23,1.48
2344,Maluco Beleza,Raul Seixas,Raul Seixas,Rock,203206,3.39,2.34
2345,O Dia Em Que A Terra Parou,Raul Seixas,Raul Seixas,Rock,261720,4.36,2.91
2346,No Fundo Do Quintal Da Escola,Raul Seixas,Raul Seixas,Rock,177606,2.96,2.53
2347,O Segredo Do Universo,Raul Seixas,Raul Seixas,Rock,192679,3.21,2.25
2348,As Profecias,Raul Seixas,Raul Seixas,Rock,232515,3.88,2.65
2349,Mata Virgem,Raul Seixas,Raul Seixas,Rock,142602,2.38,2.15
2350,Sapato 36,Raul Seixas,Raul Seixas,Rock,196702,3.28,2.64
2351,Todo Mundo Explica,Raul Seixas,Raul Seixas,Rock,134896,2.25,2.08
2352,Que Luz É Essa,Raul Seixas,Raul Seixas,Rock,165067,2.75,2.11
2353,Diamante De Mendigo,Raul Seixas,Raul Seixas,Rock,206053,3.43,2.67
2354,Negócio É,Raul Seixas,Raul Seixas,Rock,175464,2.92,2.48
2355,"Muita Estrela, Pouca Constelação",Raul Seixas,Raul Seixas,Rock,268068,4.47,2.79
2356,Século XXI,Raul Seixas,Raul Seixas,Rock,244897,4.08,2.92
2357,Rock Das Aranhas (Ao Vivo) (Live),Raul Seixas,Raul Seixas,Rock,231836,3.86,2.48
2358,The Power Of Equality,Blood Sugar Sex Magik,Red Hot Chili Peppers,Alternative & Punk,243591,4.06,3.31
2359,If You Have To Ask,Blood Sugar Sex Magik,Red Hot Chili Peppers,Alternative & Punk,216790,3.61,2.8
2360,Breaking The Girl,Blood Sugar Sex Magik,Red Hot Chili Peppers,Alternative & Punk,295497,4.92,3.73
2361,Funky Monks,Blood Sugar Sex Magik,Red Hot Chili Peppers,Alternative & Punk,323395,5.39,3.43
2362,Suck My Kiss,Blood Sugar Sex Magik,Red Hot Chili Peppers,Alternative & Punk,217234,3.62,3.06
2363,I Could Have Lied,Blood Sugar Sex Magik,Red Hot Chili Peppers,Alternative & Punk,244506,4.08,3.38
2364,Mellowship Slinky In B Major,Blood Sugar Sex Magik,Red Hot Chili Peppers,Alternative & Punk,240091,4.0,2.95
2365,The Righteous & The Wicked,Blood Sugar Sex Magik,Red Hot Chili Peppers,Alternative & Punk,248084,4.13,3.24
2366,Give It Away,Blood Sugar Sex Magik,Red Hot Chili Peppers,Alternative & Punk,283010,4.72,2.99
2367,Blood Sugar Sex Magik,Blood Sugar Sex Magik,Red Hot Chili Peppers,Alternative & Punk,271229,4.52,3.03
2368,Under The Bridge,Blood Sugar Sex Magik,Red Hot Chili Peppers,Alternative & Punk,264359,4.41,3.13
2369,Naked In The Rain,Blood Sugar Sex Magik,Red Hot Chili Peppers,Alternative & Punk,265717,4.43,3.54
2370,Apache Rose Peacock,Blood Sugar Sex Magik,Red Hot Chili Peppers,Alternative & Punk,282226,4.7,3.34
2371,The Greeting Song,Blood Sugar Sex Magik,Red Hot Chili Peppers,Alternative & Punk,193593,3.23,2.9
2372,My Lovely Man,Blood Sugar Sex Magik,Red Hot Chili Peppers,Alternative & Punk,279118,4.65,3.41
2373,Sir Psycho Sexy,Blood Sugar Sex Magik,Red Hot Chili Peppers,Alternative & Punk,496692,8.28,5
2374,They're Red Hot,Blood Sugar Sex Magik,Red Hot Chili Peppers,Alternative & Punk,71941,1.2,1.41
2375,By The Way,By The Way,Red Hot Chili Peppers,Rock,218017,3.63,2.38
2376,Universally Speaking,By The Way,Red Hot Chili Peppers,Rock,259213,4.32,2.89
2377,This Is The Place,By The Way,Red Hot Chili Peppers,Rock,257906,4.3,2.81
2378,Dosed,By The Way,Red Hot Chili Peppers,Rock,312058,5.2,3.6
2379,Don't Forget Me,By The Way,Red Hot Chili Peppers,Rock,277995,4.63,3.24
2380,The Zephyr Song,By The Way,Red Hot Chili Peppers,Rock,232960,3.88,2.81
2381,Can't Stop,By The Way,Red Hot Chili Peppers,Rock,269400,4.49,3.06
2382,I Could Die For You,By The Way,Red Hot Chili Peppers,Rock,193906,3.23,2.79
2383,Midnight,By The Way,Red Hot Chili Peppers,Rock,295810,4.93,3.49
2384,Throw Away Your Television,By The Way,Red Hot Chili Peppers,Rock,224574,3.74,2.7
2385,Cabron,By The Way,Red Hot Chili Peppers,Rock,218592,3.64,2.66
2386,Tear,By The Way,Red Hot Chili Peppers,Rock,317413,5.29,3.97
2387,On Mercury,By The Way,Red Hot Chili Peppers,Rock,208509,3.48,2.5
2388,Minor Thing,By The Way,Red Hot Chili Peppers,Rock,217835,3.63,3.14
2389,Warm Tape,By The Way,Red Hot Chili Peppers,Rock,256653,4.28,3.29
2390,Venice Queen,By The Way,Red Hot Chili Peppers,Rock,369110,6.15,3.99
2391,Around The World,Californication,Red Hot Chili Peppers,Rock,238837,3.98,3.32
2392,Parallel Universe,Californication,Red Hot Chili Peppers,Rock,270654,4.51,3.07
2393,Scar Tissue,Californication,Red Hot Chili Peppers,Rock,217469,3.62,3
2394,Otherside,Californication,Red Hot Chili Peppers,Rock,255973,4.27,3.42
2395,Get On Top,Californication,Red Hot Chili Peppers,Rock,198164,3.3,2.01
2396,Californication,Californication,Red Hot Chili Peppers,Rock,321671,5.36,3.29
2397,Easily,Californication,Red Hot Chili Peppers,Rock,231418,3.86,3.15
2398,Porcelain,Californication,Red Hot Chili Peppers,Rock,163787,2.73,1.88
2399,Emit Remmus,Californication,Red Hot Chili Peppers,Rock,240300,4.0,3
2400,I Like Dirt,Californication,Red Hot Chili Peppers,Rock,157727,2.63,1.76
2401,This Velvet Glove,Californication,Red Hot Chili Peppers,Rock,225280,3.75,2.66
2402,Savior,Californication,Red Hot Chili Peppers,Rock,292493,4.87,3.65
2403,Purple Stain,Californication,Red Hot Chili Peppers,Rock,253440,4.22,2.94
2404,Right On Time,Californication,Red Hot Chili Peppers,Rock,112613,1.88,1.27
2405,Road Trippin',Californication,Red Hot Chili Peppers,Rock,205635,3.43,2.65
2406,The Spirit Of Radio,Retrospective I (1974-1980),Rush,Rock,299154,4.99,3.95
2407,The Trees,Retrospective I (1974-1980),Rush,Rock,285126,4.75,3.53
2408,Something For Nothing,Retrospective I (1974-1980),Rush,Rock,240770,4.01,3.02
2409,Freewill,Retrospective I (1974-1980),Rush,Rock,324362,5.41,3.96
2410,Xanadu,Retrospective I (1974-1980),Rush,Rock,667428,11.12,6.71
2411,Bastille Day,Retrospective I (1974-1980),Rush,Rock,280528,4.68,3.61
2412,By-Tor And The Snow Dog,Retrospective I (1974-1980),Rush,Rock,519888,8.66,5.9
2413,Anthem,Retrospective I (1974-1980),Rush,Rock,264515,4.41,3.03
2414,Closer To The Heart,Retrospective I (1974-1980),Rush,Rock,175412,2.92,2.51
2415,"2112 Overture",Retrospective I (1974-1980),Rush,Rock,272718,4.55,2.99
2416,The Temples Of Syrinx,Retrospective I (1974-1980),Rush,Rock,133459,2.22,1.99
2417,La Villa Strangiato,Retrospective I (1974-1980),Rush,Rock,577488,9.62,6.37
2418,Fly By Night,Retrospective I (1974-1980),Rush,Rock,202318,3.37,3.02
2419,Finding My Way,Retrospective I (1974-1980),Rush,Rock,305528,5.09,3.26
2420,Jingo,Santana - As Years Go By,Santana,Rock,592953,9.88,6.57
2421,El Corazon Manda,Santana - As Years Go By,Santana,Rock,713534,11.89,7.8
2422,La Puesta Del Sol,Santana - As Years Go By,Santana,Rock,628062,10.47,6.71
2423,Persuasion,Santana - As Years Go By,Santana,Rock,318432,5.31,3.27
2424,As The Years Go by,Santana - As Years Go By,Santana,Rock,233064,3.88,2.68
2425,Soul Sacrifice,Santana - As Years Go By,Santana,Rock,296437,4.94,3.04
2426,Fried Neckbones And Home Fries,Santana - As Years Go By,Santana,Rock,638563,10.64,6.59
2427,Santana Jam,Santana - As Years Go By,Santana,Rock,882834,14.71,8.86
2428,Evil Ways,Santana Live,Santana,Rock,475402,7.92,4.92
2429,We've Got To Get Together/Jingo,Santana Live,Santana,Rock,1070027,17.83,10.98
2430,Rock Me,Santana Live,Santana,Rock,94720,1.58,1.25
2431,Just Ain't Good Enough,Santana Live,Santana,Rock,850259,14.17,8.55
2432,Funky Piano,Santana Live,Santana,Rock,934791,15.58,9.49
2433,The Way You Do To Mer,Santana Live,Santana,Rock,618344,10.31,6.7
2434,Holding Back The Years,Greatest Hits,Lenny Kravitz,Rock,270053,4.5,2.86
2435,Money's Too Tight To Mention,Greatest Hits,Lenny Kravitz,Rock,268408,4.47,3.38
2436,The Right Thing,Greatest Hits,Lenny Kravitz,Rock,262687,4.38,3.51
2437,It's Only Love,Greatest Hits,Lenny Kravitz,Rock,232594,3.88,2.44
2438,A New Flame,Greatest Hits,Lenny Kravitz,Rock,237662,3.96,3.28
2439,You've Got It,Greatest Hits,Lenny Kravitz,Rock,235232,3.92,3.35
2440,If You Don't Know Me By Now,Greatest Hits,Lenny Kravitz,Rock,206524,3.44,2.45
2441,Stars,Greatest Hits,Lenny Kravitz,Rock,248137,4.14,2.55
2442,Something Got Me Started,Greatest Hits,Lenny Kravitz,Rock,239595,3.99,2.74
2443,Thrill Me,Greatest Hits,Lenny Kravitz,Rock,303934,5.07,3.1
2444,Your Mirror,Greatest Hits,Lenny Kravitz,Rock,240666,4.01,2.98
2445,For Your Babies,Greatest Hits,Lenny Kravitz,Rock,256992,4.28,2.89
2446,So Beautiful,Greatest Hits,Lenny Kravitz,Rock,298083,4.97,3.4
2447,Angel,Greatest Hits,Lenny Kravitz,Rock,240561,4.01,3.17
2448,Fairground,Greatest Hits,Lenny Kravitz,Rock,263888,4.4,3.08
2449,Água E Fogo,Maquinarama,Skank,Rock,278987,4.65,2.86
2450,Três Lados,Maquinarama,Skank,Rock,233665,3.89,2.76
2451,Ela Desapareceu,Maquinarama,Skank,Rock,250122,4.17,2.84
2452,Balada Do Amor Inabalável,Maquinarama,Skank,Rock,240613,4.01,3.15
2453,Canção Noturna,Maquinarama,Skank,Rock,238628,3.98,2.72
2454,Muçulmano,Maquinarama,Skank,Rock,249600,4.16,3.43
2455,Maquinarama,Maquinarama,Skank,Rock,245629,4.09,2.77
2456,Rebelião,Maquinarama,Skank,Rock,298527,4.98,3.58
2457,A Última Guerra,Maquinarama,Skank,Rock,314723,5.25,4.02
2458,Fica,Maquinarama,Skank,Rock,272169,4.54,3.37
2459,Ali,Maquinarama,Skank,Rock,306390,5.11,3.93
2460,Preto Damião,Maquinarama,Skank,Rock,264568,4.41,3.59
2461,É Uma Partida De Futebol,O Samba Poconé,Skank,Rock,1071,0.02,0.22
2462,Eu Disse A Ela,O Samba Poconé,Skank,Rock,254223,4.24,2.59
2463,Zé Trindade,O Samba Poconé,Skank,Rock,247954,4.13,3.17
2464,Garota Nacional,O Samba Poconé,Skank,Rock,317492,5.29,3.26
2465,Tão Seu,O Samba Poconé,Skank,Rock,243748,4.06,2.95
2466,Sem Terra,O Samba Poconé,Skank,Rock,279353,4.66,2.95
2467,Os Exilados,O Samba Poconé,Skank,Rock,245551,4.09,2.7
2468,Um Dia Qualquer,O Samba Poconé,Skank,Rock,292414,4.87,3.65
2469,Los Pretos,O Samba Poconé,Skank,Rock,239229,3.99,3.24
2470,Sul Da América,O Samba Poconé,Skank,Rock,254928,4.25,3.1
2471,Poconé,O Samba Poconé,Skank,Rock,318406,5.31,4.14
2472,Lucky 13,Judas 0: B-Sides and Rarities,Smashing Pumpkins,Alternative & Punk,189387,3.16,1.9
2473,Aeroplane Flies High,Judas 0: B-Sides and Rarities,Smashing Pumpkins,Alternative & Punk,473391,7.89,5.46
2474,Because You Are,Judas 0: B-Sides and Rarities,Smashing Pumpkins,Alternative & Punk,226403,3.77,3.13
2475,Slow Dawn,Judas 0: B-Sides and Rarities,Smashing Pumpkins,Alternative & Punk,192339,3.21,2.02
2476,Believe,Judas 0: B-Sides and Rarities,Smashing Pumpkins,Alternative & Punk,192940,3.22,2.39
2477,My Mistake,Judas 0: B-Sides and Rarities,Smashing Pumpkins,Alternative & Punk,240901,4.02,2.72
2478,Marquis In Spades,Judas 0: B-Sides and Rarities,Smashing Pumpkins,Alternative & Punk,192731,3.21,2.55
2479,Here's To The Atom Bomb,Judas 0: B-Sides and Rarities,Smashing Pumpkins,Alternative & Punk,266893,4.45,2.77
2480,Sparrow,Judas 0: B-Sides and Rarities,Smashing Pumpkins,Alternative & Punk,176822,2.95,2.25
2481,Waiting,Judas 0: B-Sides and Rarities,Smashing Pumpkins,Alternative & Punk,228336,3.81,2.6
2482,Saturnine,Judas 0: B-Sides and Rarities,Smashing Pumpkins,Alternative & Punk,229877,3.83,3.08
2483,Rock On,Judas 0: B-Sides and Rarities,Smashing Pumpkins,Alternative & Punk,366471,6.11,4.56
2484,Set The Ray To Jerry,Judas 0: B-Sides and Rarities,Smashing Pumpkins,Alternative & Punk,249364,4.16,2.72
2485,Winterlong,Judas 0: B-Sides and Rarities,Smashing Pumpkins,Alternative & Punk,299389,4.99,3.91
2486,Soot & Stars,Judas 0: B-Sides and Rarities,Smashing Pumpkins,Alternative & Punk,399986,6.67,4.88
2487,Blissed & Gone,Judas 0: B-Sides and Rarities,Smashing Pumpkins,Alternative & Punk,286302,4.77,3.05
2488,Siva,Rotten Apples: Greatest Hits,Smashing Pumpkins,Alternative & Punk,261172,4.35,3.32
2489,Rhinocerous,Rotten Apples: Greatest Hits,Smashing Pumpkins,Alternative & Punk,353462,5.89,3.88
2490,Drown,Rotten Apples: Greatest Hits,Smashing Pumpkins,Alternative & Punk,270497,4.51,2.82
2491,Cherub Rock,Rotten Apples: Greatest Hits,Smashing Pumpkins,Alternative & Punk,299389,4.99,3.34
2492,Today,Rotten Apples: Greatest Hits,Smashing Pumpkins,Alternative & Punk,202213,3.37,2.48
2493,Disarm,Rotten Apples: Greatest Hits,Smashing Pumpkins,Alternative & Punk,198556,3.31,2.68
2494,Landslide,Rotten Apples: Greatest Hits,Smashing Pumpkins,Alternative & Punk,190275,3.17,2.64
2495,Bullet With Butterfly Wings,Rotten Apples: Greatest Hits,Smashing Pumpkins,Alternative & Punk,257306,4.29,3.09
2496,"1979",Rotten Apples: Greatest Hits,Smashing Pumpkins,Alternative & Punk,263653,4.39,3.05
2497,Zero,Rotten Apples: Greatest Hits,Smashing Pumpkins,Alternative & Punk,161123,2.69,2.22
2498,"Tonight, Tonight",Rotten Apples: Greatest Hits,Smashing Pumpkins,Alternative & Punk,255686,4.26,3.52
2499,Eye,Rotten Apples: Greatest Hits,Smashing Pumpkins,Alternative & Punk,294530,4.91,3.76
2500,Ava Adore,Rotten Apples: Greatest Hits,Smashing Pumpkins,Alternative & Punk,261433,4.36,3.57
2501,Perfect,Rotten Apples: Greatest Hits,Smashing Pumpkins,Alternative & Punk,203023,3.38,2.34
2502,The Everlasting Gaze,Rotten Apples: Greatest Hits,Smashing Pumpkins,Alternative & Punk,242155,4.04,3
2503,Stand Inside Your Love,Rotten Apples: Greatest Hits,Smashing Pumpkins,Alternative & Punk,253753,4.23,2.93
2504,Real Love,Rotten Apples: Greatest Hits,Smashing Pumpkins,Alternative & Punk,250697,4.18,2.98
2505,[Untitled],Rotten Apples: Greatest Hits,Smashing Pumpkins,Alternative & Punk,231784,3.86,3.1
2506,Nothing To Say,A-Sides,Soundgarden,Rock,238027,3.97,3.37
2507,Flower,A-Sides,Soundgarden,Rock,208822,3.48,2.1
2508,Loud Love,A-Sides,Soundgarden,Rock,297456,4.96,3.01
2509,Hands All Over,A-Sides,Soundgarden,Rock,362475,6.04,3.74
2510,Get On The Snake,A-Sides,Soundgarden,Rock,225123,3.75,3.22
2511,Jesus Christ Pose,A-Sides,Soundgarden,Rock,352966,5.88,4.07
2512,Outshined,A-Sides,Soundgarden,Rock,312476,5.21,3.92
2513,Rusty Cage,A-Sides,Soundgarden,Rock,267728,4.46,3.29
2514,Spoonman,A-Sides,Soundgarden,Rock,248476,4.14,2.5
2515,The Day I Tried To Live,A-Sides,Soundgarden,Rock,321175,5.35,3.49
2516,Black Hole Sun,A-Sides,Soundgarden,Rock,320365,5.34,3.95
2517,Fell On Black Days,A-Sides,Soundgarden,Rock,282331,4.71,3.28
2518,Pretty Noose,A-Sides,Soundgarden,Rock,253570,4.23,3.23
2519,Burden In My Hand,A-Sides,Soundgarden,Rock,292153,4.87,3.9
2520,Blow Up The Outside World,A-Sides,Soundgarden,Rock,347898,5.8,3.5
2521,Ty Cobb,A-Sides,Soundgarden,Rock,188786,3.15,2.24
2522,Bleed Together,A-Sides,Soundgarden,Rock,232202,3.87,2.34
2523,Morning Dance,Morning Dance,Spyro Gyra,Jazz,238759,3.98,3.09
2524,Jubilee,Morning Dance,Spyro Gyra,Jazz,275147,4.59,3.08
2525,Rasul,Morning Dance,Spyro Gyra,Jazz,238315,3.97,3.12
2526,Song For Lorraine,Morning Dance,Spyro Gyra,Jazz,240091,4.0,2.48
2527,Starburst,Morning Dance,Spyro Gyra,Jazz,291500,4.86,3.38
2528,Heliopolis,Morning Dance,Spyro Gyra,Jazz,338729,5.65,3.79
2529,It Doesn't Matter,Morning Dance,Spyro Gyra,Jazz,270027,4.5,2.71
2530,Little Linda,Morning Dance,Spyro Gyra,Jazz,264019,4.4,3.25
2531,End Of Romanticism,Morning Dance,Spyro Gyra,Jazz,320078,5.33,4.02
2532,The House Is Rockin',In Step,Stevie Ray Vaughan & Double Trouble,Blues,144352,2.41,1.65
2533,Crossfire,In Step,Stevie Ray Vaughan & Double Trouble,Blues,251219,4.19,3.04
2534,Tightrope,In Step,Stevie Ray Vaughan & Double Trouble,Blues,281155,4.69,3.61
2535,Let Me Love You Baby,In Step,Stevie Ray Vaughan & Double Trouble,Blues,164127,2.74,2.49
2536,Leave My Girl Alone,In Step,Stevie Ray Vaughan & Double Trouble,Blues,256365,4.27,2.92
2537,Travis Walk,In Step,Stevie Ray Vaughan & Double Trouble,Blues,140826,2.35,1.48
2538,Wall Of Denial,In Step,Stevie Ray Vaughan & Double Trouble,Blues,336927,5.62,3.49
2539,Scratch-N-Sniff,In Step,Stevie Ray Vaughan & Double Trouble,Blues,163422,2.72,1.98
2540,Love Me Darlin',In Step,Stevie Ray Vaughan & Double Trouble,Blues,201586,3.36,2.12
2541,Riviera Paradise,In Step,Stevie Ray Vaughan & Double Trouble,Blues,528692,8.81,6.27
2542,Dead And Bloated,Core,Stone Temple Pilots,Rock,310386,5.17,3.64
2543,Sex Type Thing,Core,Stone Temple Pilots,Rock,218723,3.65,2.53
2544,Wicked Garden,Core,Stone Temple Pilots,Rock,245368,4.09,2.86
2545,No Memory,Core,Stone Temple Pilots,Rock,80613,1.34,1.22
2546,Sin,Core,Stone Temple Pilots,Rock,364800,6.08,4.52
2547,Naked Sunday,Core,Stone Temple Pilots,Rock,229720,3.83,2.87
2548,Creep,Core,Stone Temple Pilots,Rock,333191,5.55,4.31
2549,Piece Of Pie,Core,Stone Temple Pilots,Rock,324623,5.41,3.62
2550,Plush,Core,Stone Temple Pilots,Rock,314017,5.23,3.23
2551,Wet My Bed,Core,Stone Temple Pilots,Rock,96914,1.62,1.51
2552,Crackerman,Core,Stone Temple Pilots,Rock,194403,3.24,2.56
2553,Where The River Goes,Core,Stone Temple Pilots,Rock,505991,8.43,5.9
2554,Soldier Side - Intro,Mezmerize,System Of A Down,Metal,63764,1.06,1.52
2555,B.Y.O.B.,Mezmerize,System Of A Down,Metal,255555,4.26,2.76
2556,Revenga,Mezmerize,System Of A Down,Metal,228127,3.8,3.11
2557,Cigaro,Mezmerize,System Of A Down,Metal,131787,2.2,2.13
2558,Radio/Video,Mezmerize,System Of A Down,Metal,249312,4.16,3.43
2559,This Cocaine Makes Me Feel Like I'm On This Song,Mezmerize,System Of A Down,Metal,128339,2.14,1.7
2560,Violent Pornography,Mezmerize,System Of A Down,Metal,211435,3.52,3.04
2561,Question!,Mezmerize,System Of A Down,Metal,200698,3.34,2.12
2562,Sad Statue,Mezmerize,System Of A Down,Metal,205897,3.43,2.95
2563,Old School Hollywood,Mezmerize,System Of A Down,Metal,176953,2.95,2.48
2564,Lost in Hollywood,Mezmerize,System Of A Down,Metal,320783,5.35,3.25
2565,The Sun Road,[1997] Black Light Syndrome,"Terry Bozzio, Tony Levin & Steve Stevens",Rock,880640,14.68,9.79
2566,Dark Corners,[1997] Black Light Syndrome,"Terry Bozzio, Tony Levin & Steve Stevens",Rock,513541,8.56,5.57
2567,Duende,[1997] Black Light Syndrome,"Terry Bozzio, Tony Levin & Steve Stevens",Rock,447582,7.46,5.34
2568,Black Light Syndrome,[1997] Black Light Syndrome,"Terry Bozzio, Tony Levin & Steve Stevens",Rock,526471,8.77,5.7
2569,Falling in Circles,[1997] Black Light Syndrome,"Terry Bozzio, Tony Levin & Steve Stevens",Rock,549093,9.15,6.41
2570,Book of Hours,[1997] Black Light Syndrome,"Terry Bozzio, Tony Levin & Steve Stevens",Rock,583366,9.72,6.38
2571,Chaos-Control,[1997] Black Light Syndrome,"Terry Bozzio, Tony Levin & Steve Stevens",Rock,529841,8.83,5.75
2572,Midnight From The Inside Out,Live [Disc 1],The Black Crowes,Blues,286981,4.78,3.56
2573,Sting Me,Live [Disc 1],The Black Crowes,Blues,268094,4.47,3.11
2574,Thick & Thin,Live [Disc 1],The Black Crowes,Blues,222720,3.71,3.16
2575,Greasy Grass River,Live [Disc 1],The Black Crowes,Blues,218749,3.65,3.06
2576,Sometimes Salvation,Live [Disc 1],The Black Crowes,Blues,389146,6.49,4.81
2577,Cursed Diamonds,Live [Disc 1],The Black Crowes,Blues,368300,6.14,4.63
2578,Miracle To Me,Live [Disc 1],The Black Crowes,Blues,372636,6.21,4.38
2579,Wiser Time,Live [Disc 1],The Black Crowes,Blues,459990,7.67,5.27
2580,Girl From A Pawnshop,Live [Disc 1],The Black Crowes,Blues,404688,6.74,4.92
2581,Cosmic Fiend,Live [Disc 1],The Black Crowes,Blues,308401,5.14,3.98
2582,Black Moon Creeping,Live [Disc 2],The Black Crowes,Blues,359314,5.99,4.26
2583,High Head Blues,Live [Disc 2],The Black Crowes,Blues,371879,6.2,4.29
2584,Title Song,Live [Disc 2],The Black Crowes,Blues,505521,8.43,5.98
2585,She Talks To Angels,Live [Disc 2],The Black Crowes,Blues,361978,6.03,4.1
2586,Twice As Hard,Live [Disc 2],The Black Crowes,Blues,275565,4.59,3.01
2587,Lickin',Live [Disc 2],The Black Crowes,Blues,314409,5.24,3.64
2588,Soul Singing,Live [Disc 2],The Black Crowes,Blues,233639,3.89,3.22
2589,Hard To Handle,Live [Disc 2],The Black Crowes,Blues,206994,3.45,2.77
2590,Remedy,Live [Disc 2],The Black Crowes,Blues,337084,5.62,3.85
2591,White Riot,The Singles,The Clash,Alternative & Punk,118726,1.98,1.64
2592,Remote Control,The Singles,The Clash,Alternative & Punk,180297,3.0,1.94
2593,Complete Control,The Singles,The Clash,Alternative & Punk,192653,3.21,2.24
2594,Clash City Rockers,The Singles,The Clash,Alternative & Punk,227500,3.79,3.12
2595,(White Man) In Hammersmith Palais,The Singles,The Clash,Alternative & Punk,240640,4.01,3.28
2596,Tommy Gun,The Singles,The Clash,Alternative & Punk,195526,3.26,2.14
2597,English Civil War,The Singles,The Clash,Alternative & Punk,156708,2.61,2.18
2598,I Fought The Law,The Singles,The Clash,Alternative & Punk,159764,2.66,1.63
2599,London Calling,The Singles,The Clash,Alternative & Punk,199706,3.33,2.7
2600,Train In Vain,The Singles,The Clash,Alternative & Punk,189675,3.16,2.56
2601,Bankrobber,The Singles,The Clash,Alternative & Punk,272431,4.54,3.42
2602,The Call Up,The Singles,The Clash,Alternative & Punk,324336,5.41,4.11
2603,Hitsville UK,The Singles,The Clash,Alternative & Punk,261433,4.36,2.67
2604,The Magnificent Seven,The Singles,The Clash,Alternative & Punk,268486,4.47,2.91
2605,This Is Radio Clash,The Singles,The Clash,Alternative & Punk,249756,4.16,2.58
2606,Know Your Rights,The Singles,The Clash,Alternative & Punk,217678,3.63,2.58
2607,Rock The Casbah,The Singles,The Clash,Alternative & Punk,222145,3.7,3.21
2608,Should I Stay Or Should I Go,The Singles,The Clash,Alternative & Punk,187219,3.12,2.26
2609,War (The Process),Beyond Good And Evil,The Cult,Rock,252630,4.21,2.76
2610,The Saint,Beyond Good And Evil,The Cult,Rock,216215,3.6,2.93
2611,Rise,Beyond Good And Evil,The Cult,Rock,219088,3.65,2.23
2612,Take The Power,Beyond Good And Evil,The Cult,Rock,235755,3.93,3.03
2613,Breathe,Beyond Good And Evil,The Cult,Rock,299781,5.0,3.6
2614,Nico,Beyond Good And Evil,The Cult,Rock,289488,4.82,2.94
2615,American Gothic,Beyond Good And Evil,The Cult,Rock,236878,3.95,2.69
2616,Ashes And Ghosts,Beyond Good And Evil,The Cult,Rock,300591,5.01,3.42
2617,Shape The Sky,Beyond Good And Evil,The Cult,Rock,209789,3.5,2.69
2618,Speed Of Light,Beyond Good And Evil,The Cult,Rock,262817,4.38,3.59
2619,True Believers,Beyond Good And Evil,The Cult,Rock,308009,5.13,3.97
2620,My Bridges Burn,Beyond Good And Evil,The Cult,Rock,231862,3.86,3.01
2621,She Sells Sanctuary,"Pure Cult: The Best Of The Cult (For Rockers, Ravers, Lovers & Sinners) [UK]",The Cult,Rock,253727,4.23,3.07
2622,Fire Woman,"Pure Cult: The Best Of The Cult (For Rockers, Ravers, Lovers & Sinners) [UK]",The Cult,Rock,312790,5.21,3.28
2623,Lil' Evil,"Pure Cult: The Best Of The Cult (For Rockers, Ravers, Lovers & Sinners) [UK]",The Cult,Rock,165825,2.76,1.99
2624,Spirit Walker,"Pure Cult: The Best Of The Cult (For Rockers, Ravers, Lovers & Sinners) [UK]",The Cult,Rock,230060,3.83,2.4
2625,The Witch,"Pure Cult: The Best Of The Cult (For Rockers, Ravers, Lovers & Sinners) [UK]",The Cult,Rock,258768,4.31,3.42
2626,Revolution,"Pure Cult: The Best Of The Cult (For Rockers, Ravers, Lovers & Sinners) [UK]",The Cult,Rock,256026,4.27,2.84
2627,Wild Hearted Son,"Pure Cult: The Best Of The Cult (For Rockers, Ravers, Lovers & Sinners) [UK]",The Cult,Rock,266893,4.45,2.85
2628,Love Removal Machine,"Pure Cult: The Best Of The Cult (For Rockers, Ravers, Lovers & Sinners) [UK]",The Cult,Rock,257619,4.29,3.21
2629,Rain,"Pure Cult: The Best Of The Cult (For Rockers, Ravers, Lovers & Sinners) [UK]",The Cult,Rock,236669,3.94,2.86
2630,Edie (Ciao Baby),"Pure Cult: The Best Of The Cult (For Rockers, Ravers, Lovers & Sinners) [UK]",The Cult,Rock,241632,4.03,2.98
2631,Heart Of Soul,"Pure Cult: The Best Of The Cult (For Rockers, Ravers, Lovers & Sinners) [UK]",The Cult,Rock,274207,4.57,3.46
2632,Love,"Pure Cult: The Best Of The Cult (For Rockers, Ravers, Lovers & Sinners) [UK]",The Cult,Rock,326739,5.45,3.37
2633,Wild Flower,"Pure Cult: The Best Of The Cult (For Rockers, Ravers, Lovers & Sinners) [UK]",The Cult,Rock,215536,3.59,3.09
2634,Go West,"Pure Cult: The Best Of The Cult (For Rockers, Ravers, Lovers & Sinners) [UK]",The Cult,Rock,238158,3.97,2.59
2635,Resurrection Joe,"Pure Cult: The Best Of The Cult (For Rockers, Ravers, Lovers & Sinners) [UK]",The Cult,Rock,255451,4.26,2.81
2636,Sun King,"Pure Cult: The Best Of The Cult (For Rockers, Ravers, Lovers & Sinners) [UK]",The Cult,Rock,368431,6.14,4.02
2637,Sweet Soul Sister,"Pure Cult: The Best Of The Cult (For Rockers, Ravers, Lovers & Sinners) [UK]",The Cult,Rock,212009,3.53,2.34
2638,Earth Mofo,"Pure Cult: The Best Of The Cult (For Rockers, Ravers, Lovers & Sinners) [UK]",The Cult,Rock,282200,4.7,3.27
2639,Break on Through,The Doors,The Doors,Rock,149342,2.49,2.38
2640,Soul Kitchen,The Doors,The Doors,Rock,215066,3.58,2.24
2641,The Crystal Ship,The Doors,The Doors,Rock,154853,2.58,2.17
2642,Twentienth Century Fox,The Doors,The Doors,Rock,153913,2.57,2.04
2643,Alabama Song,The Doors,The Doors,Rock,200097,3.33,2.84
2644,Light My Fire,The Doors,The Doors,Rock,428329,7.14,5.24
2645,Back Door Man,The Doors,The Doors,Rock,214360,3.57,3.09
2646,I Looked At You,The Doors,The Doors,Rock,142080,2.37,1.49
2647,End Of The Night,The Doors,The Doors,Rock,172695,2.88,2.66
2648,Take It As It Comes,The Doors,The Doors,Rock,137168,2.29,1.42
2649,The End,The Doors,The Doors,Rock,701831,11.7,7.74
2650,Roxanne,The Police Greatest Hits,The Police,Rock,192992,3.22,2.16
2651,Can't Stand Losing You,The Police Greatest Hits,The Police,Rock,181159,3.02,2.05
2652,Message in a Bottle,The Police Greatest Hits,The Police,Rock,291474,4.86,3.59
2653,Walking on the Moon,The Police Greatest Hits,The Police,Rock,302080,5.03,3.09
2654,Don't Stand so Close to Me,The Police Greatest Hits,The Police,Rock,241031,4.02,3.06
2655,"De Do Do Do, De Da Da Da",The Police Greatest Hits,The Police,Rock,247196,4.12,3.09
2656,Every Little Thing She Does is Magic,The Police Greatest Hits,The Police,Rock,261120,4.35,3.05
2657,Invisible Sun,The Police Greatest Hits,The Police,Rock,225593,3.76,2.78
2658,Spirit's in the Material World,The Police Greatest Hits,The Police,Rock,181133,3.02,2.24
2659,Every Breath You Take,The Police Greatest Hits,The Police,Rock,254615,4.24,3.11
2660,King Of Pain,The Police Greatest Hits,The Police,Rock,300512,5.01,3.4
2661,Wrapped Around Your Finger,The Police Greatest Hits,The Police,Rock,315454,5.26,4.01
2662,Don't Stand So Close to Me '86,The Police Greatest Hits,The Police,Rock,293590,4.89,3.18
2663,Message in a Bottle (new classic rock mix),The Police Greatest Hits,The Police,Rock,290951,4.85,3.26
2664,Time Is On My Side,"Hot Rocks, 1964-1971 (Disc 1)",The Rolling Stones,Rock,179983,3.0,2.75
2665,Heart Of Stone,"Hot Rocks, 1964-1971 (Disc 1)",The Rolling Stones,Rock,164493,2.74,2.49
2666,Play With Fire,"Hot Rocks, 1964-1971 (Disc 1)",The Rolling Stones,Rock,132022,2.2,1.41
2667,Satisfaction,"Hot Rocks, 1964-1971 (Disc 1)",The Rolling Stones,Rock,226612,3.78,2.54
2668,As Tears Go By,"Hot Rocks, 1964-1971 (Disc 1)",The Rolling Stones,Rock,164284,2.74,1.84
2669,Get Off Of My Cloud,"Hot Rocks, 1964-1971 (Disc 1)",The Rolling Stones,Rock,176013,2.93,2.62
2670,Mother's Little Helper,"Hot Rocks, 1964-1971 (Disc 1)",The Rolling Stones,Rock,167549,2.79,1.83
2671,"19th Nervous Breakdown","Hot Rocks, 1964-1971 (Disc 1)",The Rolling Stones,Rock,237923,3.97,2.89
2672,Paint It Black,"Hot Rocks, 1964-1971 (Disc 1)",The Rolling Stones,Rock,226063,3.77,2.78
2673,Under My Thumb,"Hot Rocks, 1964-1971 (Disc 1)",The Rolling Stones,Rock,221387,3.69,2.49
2674,Ruby Tuesday,"Hot Rocks, 1964-1971 (Disc 1)",The Rolling Stones,Rock,197459,3.29,2.39
2675,Let's Spend The Night Together,"Hot Rocks, 1964-1971 (Disc 1)",The Rolling Stones,Rock,217495,3.62,2.56
2676,Intro,No Security,The Rolling Stones,Rock,49737,0.83,0.88
2677,You Got Me Rocking,No Security,The Rolling Stones,Rock,205766,3.43,2.2
2678,Gimmie Shelters,No Security,The Rolling Stones,Rock,382119,6.37,4.78
2679,Flip The Switch,No Security,The Rolling Stones,Rock,252421,4.21,3.2
2680,Memory Motel,No Security,The Rolling Stones,Rock,365844,6.1,4.16
2681,Corinna,No Security,The Rolling Stones,Rock,257488,4.29,3.38
2682,Saint Of Me,No Security,The Rolling Stones,Rock,325694,5.43,3.93
2683,Wainting On A Friend,No Security,The Rolling Stones,Rock,302497,5.04,3.08
2684,Sister Morphine,No Security,The Rolling Stones,Rock,376215,6.27,3.87
2685,Live With Me,No Security,The Rolling Stones,Rock,234893,3.91,2.5
2686,Respectable,No Security,The Rolling Stones,Rock,215693,3.59,2.66
2687,Thief In The Night,No Security,The Rolling Stones,Rock,337266,5.62,4.37
2688,The Last Time,No Security,The Rolling Stones,Rock,287294,4.79,3
2689,Out Of Control,No Security,The Rolling Stones,Rock,479242,7.99,5.58
2690,Love Is Strong,Voodoo Lounge,The Rolling Stones,Rock,230896,3.85,2.75
2691,You Got Me Rocking,Voodoo Lounge,The Rolling Stones,Rock,215928,3.6,3.1
2692,Sparks Will Fly,Voodoo Lounge,The Rolling Stones,Rock,196466,3.27,2.96
2693,The Worst,Voodoo Lounge,The Rolling Stones,Rock,144613,2.41,1.69
2694,New Faces,Voodoo Lounge,The Rolling Stones,Rock,172146,2.87,2.72
2695,Moon Is Up,Voodoo Lounge,The Rolling Stones,Rock,222119,3.7,3.11
2696,Out Of Tears,Voodoo Lounge,The Rolling Stones,Rock,327418,5.46,3.98
2697,I Go Wild,Voodoo Lounge,The Rolling Stones,Rock,264019,4.4,2.68
2698,Brand New Car,Voodoo Lounge,The Rolling Stones,Rock,256052,4.27,2.76
2699,Sweethearts Together,Voodoo Lounge,The Rolling Stones,Rock,285492,4.76,3.64
2700,Suck On The Jugular,Voodoo Lounge,The Rolling Stones,Rock,268225,4.47,2.88
2701,Blinded By Rainbows,Voodoo Lounge,The Rolling Stones,Rock,273946,4.57,2.89
2702,Baby Break It Down,Voodoo Lounge,The Rolling Stones,Rock,249417,4.16,3.47
2703,Thru And Thru,Voodoo Lounge,The Rolling Stones,Rock,375092,6.25,4.71
2704,Mean Disposition,Voodoo Lounge,The Rolling Stones,Rock,249155,4.15,2.95
2705,Walking Wounded,Tangents,The Tea Party,Alternative & Punk,277968,4.63,3.16
2706,Temptation,Tangents,The Tea Party,Alternative & Punk,205087,3.42,2.1
2707,The Messenger,Tangents,The Tea Party,Alternative & Punk,212062,3.53,2.9
2708,Psychopomp,Tangents,The Tea Party,Alternative & Punk,315559,5.26,3.39
2709,Sister Awake,Tangents,The Tea Party,Alternative & Punk,343875,5.73,4.28
2710,The Bazaar,Tangents,The Tea Party,Alternative & Punk,222458,3.71,3.2
2711,Save Me (Remix),Tangents,The Tea Party,Alternative & Punk,396303,6.61,4.9
2712,Fire In The Head,Tangents,The Tea Party,Alternative & Punk,306337,5.11,3.97
2713,Release,Tangents,The Tea Party,Alternative & Punk,244114,4.07,2.87
2714,Heaven Coming Down,Tangents,The Tea Party,Alternative & Punk,241867,4.03,3.01
2715,The River (Remix),Tangents,The Tea Party,Alternative & Punk,343170,5.72,4.04
2716,Babylon,Tangents,The Tea Party,Alternative & Punk,169795,2.83,2.42
2717,Waiting On A Sign,Tangents,The Tea Party,Alternative & Punk,261903,4.37,2.66
2718,Life Line,Tangents,The Tea Party,Alternative & Punk,277786,4.63,3.48
2719,Paint It Black,Tangents,The Tea Party,Alternative & Punk,214752,3.58,2.33
2720,Temptation,Transmission,The Tea Party,Alternative & Punk,205244,3.42,2.14
2721,Army Ants,Transmission,The Tea Party,Alternative & Punk,215405,3.59,2.83
2722,Psychopomp,Transmission,The Tea Party,Alternative & Punk,317231,5.29,3.21
2723,Gyroscope,Transmission,The Tea Party,Alternative & Punk,177711,2.96,2.69
2724,Alarum,Transmission,The Tea Party,Alternative & Punk,298187,4.97,3.44
2725,Release,Transmission,The Tea Party,Alternative & Punk,266292,4.44,3.66
2726,Transmission,Transmission,The Tea Party,Alternative & Punk,317257,5.29,3.82
2727,Babylon,Transmission,The Tea Party,Alternative & Punk,292466,4.87,3.85
2728,Pulse,Transmission,The Tea Party,Alternative & Punk,250253,4.17,3.09
2729,Emerald,Transmission,The Tea Party,Alternative & Punk,289750,4.83,3.24
2730,Aftermath,Transmission,The Tea Party,Alternative & Punk,343745,5.73,3.96
2731,I Can't Explain,My Generation - The Very Best Of The Who,The Who,Rock,125152,2.09,2.19
2732,"Anyway, Anyhow, Anywhere",My Generation - The Very Best Of The Who,The Who,Rock,161253,2.69,2.33
2733,My Generation,My Generation - The Very Best Of The Who,The Who,Rock,197825,3.3,2.61
2734,Substitute,My Generation - The Very Best Of The Who,The Who,Rock,228022,3.8,2.56
2735,I'm A Boy,My Generation - The Very Best Of The Who,The Who,Rock,157126,2.62,2.06
2736,Boris The Spider,My Generation - The Very Best Of The Who,The Who,Rock,149472,2.49,2.34
2737,Happy Jack,My Generation - The Very Best Of The Who,The Who,Rock,132310,2.21,1.72
2738,Pictures Of Lily,My Generation - The Very Best Of The Who,The Who,Rock,164414,2.74,2.01
2739,I Can See For Miles,My Generation - The Very Best Of The Who,The Who,Rock,262791,4.38,3.39
2740,Magic Bus,My Generation - The Very Best Of The Who,The Who,Rock,197224,3.29,2.12
2741,Pinball Wizard,My Generation - The Very Best Of The Who,The Who,Rock,181890,3.03,1.87
2742,The Seeker,My Generation - The Very Best Of The Who,The Who,Rock,204643,3.41,2.21
2743,Baba O'Riley,My Generation - The Very Best Of The Who,The Who,Rock,309472,5.16,3.6
2744,Won't Get Fooled Again (Full Length Version),My Generation - The Very Best Of The Who,The Who,Rock,513750,8.56,5.52
2745,Let's See Action,My Generation - The Very Best Of The Who,The Who,Rock,243513,4.06,3.18
2746,"5.15",My Generation - The Very Best Of The Who,The Who,Rock,289619,4.83,3.35
2747,Join Together,My Generation - The Very Best Of The Who,The Who,Rock,262556,4.38,3.19
2748,Squeeze Box,My Generation - The Very Best Of The Who,The Who,Rock,161280,2.69,1.61
2749,Who Are You (Single Edit Version),My Generation - The Very Best Of The Who,The Who,Rock,299232,4.99,3.61
2750,You Better You Bet,My Generation - The Very Best Of The Who,The Who,Rock,338520,5.64,3.87
2751,Primavera,Serie Sem Limite (Disc 1),Tim Maia,Latin,126615,2.11,1.8
2752,Chocolate,Serie Sem Limite (Disc 1),Tim Maia,Latin,194690,3.24,2.02
2753,Azul Da Cor Do Mar,Serie Sem Limite (Disc 1),Tim Maia,Latin,197955,3.3,2.6
2754,O Descobridor Dos Sete Mares,Serie Sem Limite (Disc 1),Tim Maia,Latin,262974,4.38,2.99
2755,Até Que Enfim Encontrei Você,Serie Sem Limite (Disc 1),Tim Maia,Latin,105064,1.75,1.93
2756,Coroné Antonio Bento,Serie Sem Limite (Disc 1),Tim Maia,Latin,131317,2.19,2.22
2757,New Love,Serie Sem Limite (Disc 1),Tim Maia,Latin,237897,3.96,2.87
2758,Não Vou Ficar,Serie Sem Limite (Disc 1),Tim Maia,Latin,172068,2.87,2.04
2759,Música No Ar,Serie Sem Limite (Disc 1),Tim Maia,Latin,158511,2.64,2.53
2760,Salve Nossa Senhora,Serie Sem Limite (Disc 1),Tim Maia,Latin,115461,1.92,2.07
2761,Você Fugiu,Serie Sem Limite (Disc 1),Tim Maia,Latin,238367,3.97,2.94
2762,Cristina Nº 2,Serie Sem Limite (Disc 1),Tim Maia,Latin,90148,1.5,1.42
2763,Compadre,Serie Sem Limite (Disc 1),Tim Maia,Latin,171389,2.86,1.95
2764,Over Again,Serie Sem Limite (Disc 1),Tim Maia,Latin,200489,3.34,2.22
2765,Réu Confesso,Serie Sem Limite (Disc 1),Tim Maia,Latin,217391,3.62,2.22
2766,O Que Me Importa,Serie Sem Limite (Disc 2),Tim Maia,Latin,153155,2.55,2.26
2767,Gostava Tanto De Você,Serie Sem Limite (Disc 2),Tim Maia,Latin,253805,4.23,3.13
2768,Você,Serie Sem Limite (Disc 2),Tim Maia,Latin,242599,4.04,3.17
2769,Não Quero Dinheiro,Serie Sem Limite (Disc 2),Tim Maia,Latin,152607,2.54,1.71
2770,Eu Amo Você,Serie Sem Limite (Disc 2),Tim Maia,Latin,242782,4.05,2.94
2771,A Festa Do Santo Reis,Serie Sem Limite (Disc 2),Tim Maia,Latin,159791,2.66,1.7
2772,I Don't Know What To Do With Myself,Serie Sem Limite (Disc 2),Tim Maia,Latin,221387,3.69,2.28
2773,Padre Cícero,Serie Sem Limite (Disc 2),Tim Maia,Latin,139598,2.33,2.24
2774,Nosso Adeus,Serie Sem Limite (Disc 2),Tim Maia,Latin,206471,3.44,2.44
2775,Canário Do Reino,Serie Sem Limite (Disc 2),Tim Maia,Latin,139337,2.32,2.29
2776,Preciso Ser Amado,Serie Sem Limite (Disc 2),Tim Maia,Latin,174001,2.9,2.67
2777,Balanço,Serie Sem Limite (Disc 2),Tim Maia,Latin,209737,3.5,2.6
2778,Preciso Aprender A Ser Só,Serie Sem Limite (Disc 2),Tim Maia,Latin,162220,2.7,2.46
2779,Esta É A Canção,Serie Sem Limite (Disc 2),Tim Maia,Latin,184450,3.07,1.92
2780,Formigueiro,Serie Sem Limite (Disc 2),Tim Maia,Latin,252943,4.22,3.14
2781,Comida,Acústico,Titãs,Alternative & Punk,322612,5.38,3.91
2782,Go Back,Acústico,Titãs,Alternative & Punk,230504,3.84,2.77
2783,Prá Dizer Adeus,Acústico,Titãs,Alternative & Punk,222484,3.71,2.22
2784,Família,Acústico,Titãs,Alternative & Punk,218331,3.64,2.72
2785,Os Cegos Do Castelo,Acústico,Titãs,Alternative & Punk,296829,4.95,3.73
2786,O Pulso,Acústico,Titãs,Alternative & Punk,199131,3.32,2.86
2787,Marvin,Acústico,Titãs,Alternative & Punk,264359,4.41,3.35
2788,Nem 5 Minutos Guardados,Acústico,Titãs,Alternative & Punk,245995,4.1,3.29
2789,Flores,Acústico,Titãs,Alternative & Punk,215510,3.59,2.38
2790,Palavras,Acústico,Titãs,Alternative & Punk,158458,2.64,1.97
2791,Hereditário,Acústico,Titãs,Alternative & Punk,151693,2.53,1.71
2792,A Melhor Forma,Acústico,Titãs,Alternative & Punk,191503,3.19,2.17
2793,Cabeça Dinossauro,Acústico,Titãs,Alternative & Punk,37120,0.62,1.15
2794,"32 Dentes",Acústico,Titãs,Alternative & Punk,184946,3.08,1.99
2795,Bichos Escrotos (Vinheta),Acústico,Titãs,Alternative & Punk,104986,1.75,1.1
2796,Não Vou Lutar,Acústico,Titãs,Alternative & Punk,189988,3.17,2.23
2797,Homem Primata (Vinheta),Acústico,Titãs,Alternative & Punk,34168,0.57,1.02
2798,Homem Primata,Acústico,Titãs,Alternative & Punk,195500,3.26,2.48
2799,Polícia (Vinheta),Acústico,Titãs,Alternative & Punk,56111,0.94,0.92
2800,Querem Meu Sangue,Acústico,Titãs,Alternative & Punk,212401,3.54,2.37
2801,Diversão,Acústico,Titãs,Alternative & Punk,285936,4.77,3.26
2802,Televisão,Acústico,Titãs,Alternative & Punk,293668,4.89,3.19
2803,Sonifera Ilha,Volume Dois,Titãs,Alternative & Punk,170684,2.84,2.53
2804,Lugar Nenhum,Volume Dois,Titãs,Alternative & Punk,195840,3.26,2.14
2805,Sua Impossivel Chance,Volume Dois,Titãs,Alternative & Punk,246622,4.11,3.16
2806,Desordem,Volume Dois,Titãs,Alternative & Punk,213289,3.55,2.85
2807,Não Vou Me Adaptar,Volume Dois,Titãs,Alternative & Punk,221831,3.7,2.94
2808,Domingo,Volume Dois,Titãs,Alternative & Punk,208613,3.48,2.68
2809,Amanhã Não Se Sabe,Volume Dois,Titãs,Alternative & Punk,189440,3.16,2.21
2810,Caras Como Eu,Volume Dois,Titãs,Alternative & Punk,183092,3.05,2.07
2811,Senhora E Senhor,Volume Dois,Titãs,Alternative & Punk,203702,3.4,2.4
2812,Era Uma Vez,Volume Dois,Titãs,Alternative & Punk,224261,3.74,3.11
2813,Miséria,Volume Dois,Titãs,Alternative & Punk,262191,4.37,3.52
2814,Insensível,Volume Dois,Titãs,Alternative & Punk,207830,3.46,2.75
2815,Eu E Ela,Volume Dois,Titãs,Alternative & Punk,276035,4.6,3.33
2816,Toda Cor,Volume Dois,Titãs,Alternative & Punk,209084,3.48,2.63
2817,É Preciso Saber Viver,Volume Dois,Titãs,Alternative & Punk,251115,4.19,3.21
2818,Senhor Delegado/Eu Não Aguento,Volume Dois,Titãs,Alternative & Punk,156656,2.61,2.45
2819,Battlestar Galactica: The Story So Far,Battlestar Galactica: The Story So Far,Battlestar Galactica,Science Fiction,2622250,43.7,26.39
2820,Occupation / Precipice,"Battlestar Galactica, Season 3",Battlestar Galactica,TV Shows,5286953,88.12,53.1
2821,"Exodus, Pt. 1","Battlestar Galactica, Season 3",Battlestar Galactica,TV Shows,2621708,43.7,27.08
2822,"Exodus, Pt. 2","Battlestar Galactica, Season 3",Battlestar Galactica,TV Shows,2618000,43.63,26.26
2823,Collaborators,"Battlestar Galactica, Season 3",Battlestar Galactica,TV Shows,2626626,43.78,26.62
2824,Torn,"Battlestar Galactica, Season 3",Battlestar Galactica,TV Shows,2631291,43.85,26.46
2825,A Measure of Salvation,"Battlestar Galactica, Season 3",Battlestar Galactica,Science Fiction,2563938,42.73,25.81
2826,Hero,"Battlestar Galactica, Season 3",Battlestar Galactica,Science Fiction,2713755,45.23,27.69
2827,Unfinished Business,"Battlestar Galactica, Season 3",Battlestar Galactica,Science Fiction,2622038,43.7,26.82
2828,The Passage,"Battlestar Galactica, Season 3",Battlestar Galactica,Science Fiction,2623875,43.73,26.69
2829,The Eye of Jupiter,"Battlestar Galactica, Season 3",Battlestar Galactica,Science Fiction,2618750,43.65,26.34
2830,Rapture,"Battlestar Galactica, Season 3",Battlestar Galactica,Science Fiction,2624541,43.74,26.27
2831,Taking a Break from All Your Worries,"Battlestar Galactica, Season 3",Battlestar Galactica,Science Fiction,2624207,43.74,26.31
2832,The Woman King,"Battlestar Galactica, Season 3",Battlestar Galactica,Science Fiction,2626376,43.77,26.46
2833,A Day In the Life,"Battlestar Galactica, Season 3",Battlestar Galactica,Science Fiction,2620245,43.67,26.87
2834,Dirty Hands,"Battlestar Galactica, Season 3",Battlestar Galactica,Science Fiction,2627961,43.8,26.47
2835,Maelstrom,"Battlestar Galactica, Season 3",Battlestar Galactica,Science Fiction,2622372,43.71,26.78
2836,The Son Also Rises,"Battlestar Galactica, Season 3",Battlestar Galactica,Science Fiction,2621830,43.7,26.28
2837,"Crossroads, Pt. 1","Battlestar Galactica, Season 3",Battlestar Galactica,Sci Fi & Fantasy,2622622,43.71,26.82
2838,"Crossroads, Pt. 2","Battlestar Galactica, Season 3",Battlestar Galactica,Sci Fi & Fantasy,2869953,47.83,29.6
2839,Genesis,"Heroes, Season 1",Heroes,TV Shows,2611986,43.53,27.07
2840,Don't Look Back,"Heroes, Season 1",Heroes,Drama,2571154,42.85,26.07
2841,One Giant Leap,"Heroes, Season 1",Heroes,Drama,2607649,43.46,26.08
2842,Collision,"Heroes, Season 1",Heroes,Drama,2605480,43.42,26.88
2843,Hiros,"Heroes, Season 1",Heroes,Drama,2533575,42.23,26.1
2844,Better Halves,"Heroes, Season 1",Heroes,Drama,2573031,42.88,26.14
2845,Nothing to Hide,"Heroes, Season 1",Heroes,TV Shows,2605647,43.43,26.81
2846,Seven Minutes to Midnight,"Heroes, Season 1",Heroes,Drama,2613988,43.57,26.22
2847,Homecoming,"Heroes, Season 1",Heroes,Drama,2601351,43.36,26.74
2848,Six Months Ago,"Heroes, Season 1",Heroes,TV Shows,2602852,43.38,26.28
2849,Fallout,"Heroes, Season 1",Heroes,Drama,2594761,43.25,26.73
2850,The Fix,"Heroes, Season 1",Heroes,Drama,2600266,43.34,26.38
2851,Distractions,"Heroes, Season 1",Heroes,Drama,2590382,43.17,25.94
2852,Run!,"Heroes, Season 1",Heroes,Drama,2602602,43.38,26.39
2853,Unexpected,"Heroes, Season 1",Heroes,Drama,2598139,43.3,26.55
2854,Company Man,"Heroes, Season 1",Heroes,Drama,2601226,43.35,26.85
2855,Company Man,"Heroes, Season 1",Heroes,Drama,2601101,43.35,26.61
2856,Parasite,"Heroes, Season 1",Heroes,Drama,2602727,43.38,26.11
2857,A Tale of Two Cities,"Lost, Season 3",Lost,TV Shows,2636970,43.95,26.76
2858,"Lost (Pilot, Part 1) [Premiere]","Lost, Season 1",Lost,TV Shows,2548875,42.48,25.91
2859,"Man of Science, Man of Faith (Premiere)","Lost, Season 2",Lost,TV Shows,2612250,43.54,27.02
2860,Adrift,"Lost, Season 2",Lost,TV Shows,2564958,42.75,25.81
2861,"Lost (Pilot, Part 2)","Lost, Season 1",Lost,TV Shows,2436583,40.61,24.94
2862,The Glass Ballerina,"Lost, Season 3",Lost,Drama,2637458,43.96,26.69
2863,Further Instructions,"Lost, Season 3",Lost,TV Shows,2563980,42.73,26.1
2864,Orientation,"Lost, Season 2",Lost,TV Shows,2609083,43.48,26.49
2865,Tabula Rasa,"Lost, Season 1",Lost,TV Shows,2627105,43.79,26.95
2866,Every Man for Himself,"Lost, Season 3",Lost,Drama,2637387,43.96,26.47
2867,Everybody Hates Hugo,"Lost, Season 2",Lost,TV Shows,2609192,43.49,27.02
2868,Walkabout,"Lost, Season 1",Lost,TV Shows,2587370,43.12,26.32
2869,...And Found,"Lost, Season 2",Lost,TV Shows,2563833,42.73,26.01
2870,The Cost of Living,"Lost, Season 3",Lost,TV Shows,2637500,43.96,27.03
2871,White Rabbit,"Lost, Season 1",Lost,TV Shows,2571965,42.87,25.79
2872,Abandoned,"Lost, Season 2",Lost,TV Shows,2587041,43.12,26.26
2873,House of the Rising Sun,"Lost, Season 1",Lost,TV Shows,2590032,43.17,26.72
2874,I Do,"Lost, Season 3",Lost,TV Shows,2627791,43.8,27.23
2875,Not In Portland,"Lost, Season 3",Lost,Drama,2637303,43.96,26.61
2876,Not In Portland,"Lost, Season 3",Lost,Drama,2637345,43.96,26.71
2877,The Moth,"Lost, Season 1",Lost,TV Shows,2631327,43.86,26.87
2878,The Other 48 Days,"Lost, Season 2",Lost,TV Shows,2610625,43.51,26.4
2879,Collision,"Lost, Season 2",Lost,TV Shows,2564916,42.75,26.49
2880,Confidence Man,"Lost, Season 1",Lost,TV Shows,2615244,43.59,26.7
2881,Flashes Before Your Eyes,"Lost, Season 3",Lost,Drama,2636636,43.94,26.55
2882,Lost Survival Guide,"Lost, Season 3",Lost,Drama,2632590,43.88,27.03
2883,Solitary,"Lost, Season 1",Lost,TV Shows,2612894,43.55,26.67
2884,What Kate Did,"Lost, Season 2",Lost,TV Shows,2610250,43.5,26.45
2885,Raised By Another,"Lost, Season 1",Lost,TV Shows,2590459,43.17,26.25
2886,Stranger In a Strange Land,"Lost, Season 3",Lost,Drama,2636428,43.94,27.31
2887,The 23rd Psalm,"Lost, Season 2",Lost,TV Shows,2610416,43.51,26.21
2888,All the Best Cowboys Have Daddy Issues,"Lost, Season 1",Lost,TV Shows,2555492,42.59,26.13
2889,The Hunting Party,"Lost, Season 2",Lost,Drama,2611333,43.52,26.77
2890,Tricia Tanaka Is Dead,"Lost, Season 3",Lost,Drama,2635010,43.92,27.27
2891,Enter 77,"Lost, Season 3",Lost,Drama,2629796,43.83,26.79
2892,Fire + Water,"Lost, Season 2",Lost,Drama,2600333,43.34,26.46
2893,Whatever the Case May Be,"Lost, Season 1",Lost,TV Shows,2616410,43.61,26.31
2894,Hearts and Minds,"Lost, Season 1",Lost,TV Shows,2619462,43.66,26.47
2895,Par Avion,"Lost, Season 3",Lost,Drama,2629879,43.83,26.39
2896,The Long Con,"Lost, Season 2",Lost,TV Shows,2679583,44.66,27.35
2897,One of Them,"Lost, Season 2",Lost,Drama,2698791,44.98,27.07
2898,Special,"Lost, Season 1",Lost,TV Shows,2618530,43.64,26.28
2899,The Man from Tallahassee,"Lost, Season 3",Lost,Drama,2637637,43.96,27.02
2900,Exposé,"Lost, Season 3",Lost,Drama,2593760,43.23,26
2901,Homecoming,"Lost, Season 1",Lost,TV Shows,2515882,41.93,25.64
2902,Maternity Leave,"Lost, Season 2",Lost,Drama,2780416,46.34,28.24
2903,Left Behind,"Lost, Season 3",Lost,Drama,2635343,43.92,26.82
2904,Outlaws,"Lost, Season 1",Lost,TV Shows,2619887,43.66,26.56
2905,The Whole Truth,"Lost, Season 2",Lost,Drama,2610125,43.5,26.94
2906,...In Translation,"Lost, Season 1",Lost,TV Shows,2604575,43.41,26.68
2907,Lockdown,"Lost, Season 2",Lost,Drama,2610250,43.5,26.28
2908,One of Us,"Lost, Season 3",Lost,Drama,2638096,43.97,27.08
2909,Catch-22,"Lost, Season 3",Lost,Drama,2561394,42.69,25.65
2910,Dave,"Lost, Season 2",Lost,TV Shows,2825166,47.09,28.41
2911,Numbers,"Lost, Season 1",Lost,TV Shows,2609772,43.5,26.48
2912,D.O.C.,"Lost, Season 3",Lost,Drama,2616032,43.6,26.98
2913,Deus Ex Machina,"Lost, Season 1",Lost,TV Shows,2582009,43.03,26.08
2914,S.O.S.,"Lost, Season 2",Lost,TV Shows,2639541,43.99,27.24
2915,Do No Harm,"Lost, Season 1",Lost,TV Shows,2618487,43.64,27.15
2916,Two for the Road,"Lost, Season 2",Lost,Drama,2610958,43.52,26.67
2917,The Greater Good,"Lost, Season 1",Lost,TV Shows,2617784,43.63,26.42
2918,"""?""","Lost, Season 2",Lost,TV Shows,2782333,46.37,28.15
2919,Born to Run,"Lost, Season 1",Lost,TV Shows,2618619,43.64,26.33
2920,Three Minutes,"Lost, Season 2",Lost,TV Shows,2763666,46.06,27.95
2921,Exodus (Part 1),"Lost, Season 1",Lost,TV Shows,2620747,43.68,26.77
2922,"Live Together, Die Alone, Pt. 1","Lost, Season 2",Lost,Drama,2478041,41.3,25.02
2923,Exodus (Part 2) [Season Finale],"Lost, Season 1",Lost,TV Shows,2605557,43.43,26.65
2924,"Live Together, Die Alone, Pt. 2","Lost, Season 2",Lost,TV Shows,2656531,44.28,26.82
2925,Exodus (Part 3) [Season Finale],"Lost, Season 1",Lost,TV Shows,2619869,43.66,27.03
2926,Zoo Station,Achtung Baby,U2,Rock,276349,4.61,3.35
2927,Even Better Than The Real Thing,Achtung Baby,U2,Rock,221361,3.69,2.66
2928,One,Achtung Baby,U2,Rock,276192,4.6,3.67
2929,Until The End Of The World,Achtung Baby,U2,Rock,278700,4.64,3.08
2930,Who's Gonna Ride Your Wild Horses,Achtung Baby,U2,Rock,316551,5.28,3.78
2931,So Cruel,Achtung Baby,U2,Rock,349492,5.82,3.61
2932,The Fly,Achtung Baby,U2,Rock,268982,4.48,3.53
2933,Mysterious Ways,Achtung Baby,U2,Rock,243826,4.06,2.67
2934,Tryin' To Throw Your Arms Around The World,Achtung Baby,U2,Rock,232463,3.87,3.07
2935,Ultraviolet (Light My Way),Achtung Baby,U2,Rock,330788,5.51,3.94
2936,Acrobat,Achtung Baby,U2,Rock,270288,4.5,3.53
2937,Love Is Blindness,Achtung Baby,U2,Rock,263497,4.39,2.77
2938,Beautiful Day,All That You Can't Leave Behind,U2,Rock,248163,4.14,2.7
2939,Stuck In A Moment You Can't Get Out Of,All That You Can't Leave Behind,U2,Rock,272378,4.54,3.13
2940,Elevation,All That You Can't Leave Behind,U2,Rock,227552,3.79,2.63
2941,Walk On,All That You Can't Leave Behind,U2,Rock,296280,4.94,3.02
2942,Kite,All That You Can't Leave Behind,U2,Rock,266893,4.45,3.57
2943,In A Little While,All That You Can't Leave Behind,U2,Rock,219271,3.65,2.89
2944,Wild Honey,All That You Can't Leave Behind,U2,Rock,226768,3.78,2.65
2945,Peace On Earth,All That You Can't Leave Behind,U2,Rock,288496,4.81,3.34
2946,When I Look At The World,All That You Can't Leave Behind,U2,Rock,257776,4.3,2.71
2947,New York,All That You Can't Leave Behind,U2,Rock,330370,5.51,3.34
2948,Grace,All That You Can't Leave Behind,U2,Rock,330657,5.51,3.62
2949,The Three Sunrises,B-Sides 1980-1990,U2,Rock,234788,3.91,3.33
2950,Spanish Eyes,B-Sides 1980-1990,U2,Rock,196702,3.28,2.91
2951,Sweetest Thing,B-Sides 1980-1990,U2,Rock,185103,3.09,2.76
2952,Love Comes Tumbling,B-Sides 1980-1990,U2,Rock,282671,4.71,3.68
2953,Bass Trap,B-Sides 1980-1990,U2,Rock,213289,3.55,2.82
2954,Dancing Barefoot,B-Sides 1980-1990,U2,Rock,287895,4.8,3.46
2955,Everlasting Love,B-Sides 1980-1990,U2,Rock,202631,3.38,2.27
2956,Unchained Melody,B-Sides 1980-1990,U2,Rock,294164,4.9,3
2957,Walk To The Water,B-Sides 1980-1990,U2,Rock,289253,4.82,3.4
2958,Luminous Times (Hold On To Love),B-Sides 1980-1990,U2,Rock,277760,4.63,3.55
2959,Hallelujah Here She Comes,B-Sides 1980-1990,U2,Rock,242364,4.04,2.81
2960,Silver And Gold,B-Sides 1980-1990,U2,Rock,279875,4.66,3.65
2961,Endless Deep,B-Sides 1980-1990,U2,Rock,179879,3.0,2.69
2962,A Room At The Heartbreak Hotel,B-Sides 1980-1990,U2,Rock,274546,4.58,3.7
2963,"Trash, Trampoline And The Party Girl",B-Sides 1980-1990,U2,Rock,153965,2.57,1.8
2964,Vertigo,How To Dismantle An Atomic Bomb,U2,Rock,194612,3.24,1.99
2965,Miracle Drug,How To Dismantle An Atomic Bomb,U2,Rock,239124,3.99,3.23
2966,Sometimes You Can't Make It On Your Own,How To Dismantle An Atomic Bomb,U2,Rock,308976,5.15,3.55
2967,Love And Peace Or Else,How To Dismantle An Atomic Bomb,U2,Rock,290690,4.84,3.39
2968,City Of Blinding Lights,How To Dismantle An Atomic Bomb,U2,Rock,347951,5.8,3.64
2969,All Because Of You,How To Dismantle An Atomic Bomb,U2,Rock,219141,3.65,3.05
2970,A Man And A Woman,How To Dismantle An Atomic Bomb,U2,Rock,270132,4.5,3.41
2971,Crumbs From Your Table,How To Dismantle An Atomic Bomb,U2,Rock,303568,5.06,3.96
2972,One Step Closer,How To Dismantle An Atomic Bomb,U2,Rock,231680,3.86,3.11
2973,Original Of The Species,How To Dismantle An Atomic Bomb,U2,Rock,281443,4.69,3.63
2974,Yahweh,How To Dismantle An Atomic Bomb,U2,Rock,262034,4.37,3.38
2975,Discotheque,Pop,U2,Rock,319582,5.33,4.06
2976,Do You Feel Loved,Pop,U2,Rock,307539,5.13,3.18
2977,Mofo,Pop,U2,Rock,349178,5.82,3.73
2978,If God Will Send His Angels,Pop,U2,Rock,322533,5.38,3.42
2979,Staring At The Sun,Pop,U2,Rock,276924,4.62,2.91
2980,Last Night On Earth,Pop,U2,Rock,285753,4.76,2.91
2981,Gone,Pop,U2,Rock,266866,4.45,2.78
2982,Miami,Pop,U2,Rock,293041,4.88,2.99
2983,The Playboy Mansion,Pop,U2,Rock,280555,4.68,3.57
2984,If You Wear That Velvet Dress,Pop,U2,Rock,315167,5.25,3.55
2985,Please,Pop,U2,Rock,302602,5.04,3.44
2986,Wake Up Dead Man,Pop,U2,Rock,292832,4.88,2.98
2987,Helter Skelter,Rattle And Hum,U2,Rock,187350,3.12,2.43
2988,Van Diemen's Land,Rattle And Hum,U2,Rock,186044,3.1,2.22
2989,Desire,Rattle And Hum,U2,Rock,179226,2.99,2.64
2990,Hawkmoon 269,Rattle And Hum,U2,Rock,382458,6.37,4.53
2991,All Along The Watchtower,Rattle And Hum,U2,Rock,264568,4.41,2.9
2992,I Still Haven't Found What I'm Looking for,Rattle And Hum,U2,Rock,353567,5.89,3.89
2993,Freedom For My People,Rattle And Hum,U2,Rock,38164,0.64,0.72
2994,Silver And Gold,Rattle And Hum,U2,Rock,349831,5.83,3.96
2995,Pride (In The Name Of Love),Rattle And Hum,U2,Rock,267807,4.46,3.55
2996,Angel Of Harlem,Rattle And Hum,U2,Rock,229276,3.82,2.78
2997,Love Rescue Me,Rattle And Hum,U2,Rock,384522,6.41,4.24
2998,When Love Comes To Town,Rattle And Hum,U2,Rock,255869,4.26,3.34
2999,Heartland,Rattle And Hum,U2,Rock,303360,5.06,3.36
3000,God Part II,Rattle And Hum,U2,Rock,195604,3.26,2.91
3001,The Star Spangled Banner,Rattle And Hum,U2,Rock,43232,0.72,0.63
3002,Bullet The Blue Sky,Rattle And Hum,U2,Rock,337005,5.62,3.76
3003,All I Want Is You,Rattle And Hum,U2,Rock,390243,6.5,4.46
3004,Pride (In The Name Of Love),The Best Of 1980-1990,U2,Rock,230243,3.84,3.18
3005,New Year's Day,The Best Of 1980-1990,U2,Rock,258925,4.32,3.45
3006,With Or Without You,The Best Of 1980-1990,U2,Rock,299023,4.98,3.98
3007,I Still Haven't Found What I'm Looking For,The Best Of 1980-1990,U2,Rock,280764,4.68,3.6
3008,Sunday Bloody Sunday,The Best Of 1980-1990,U2,Rock,282174,4.7,3.44
3009,Bad,The Best Of 1980-1990,U2,Rock,351817,5.86,3.62
3010,Where The Streets Have No Name,The Best Of 1980-1990,U2,Rock,276218,4.6,3.16
3011,I Will Follow,The Best Of 1980-1990,U2,Rock,218253,3.64,3.06
3012,The Unforgettable Fire,The Best Of 1980-1990,U2,Rock,295183,4.92,3.06
3013,Sweetest Thing,The Best Of 1980-1990,U2,Rock,183066,3.05,2.07
3014,Desire,The Best Of 1980-1990,U2,Rock,179853,3.0,1.99
3015,When Love Comes To Town,The Best Of 1980-1990,U2,Rock,258194,4.3,3.2
3016,Angel Of Harlem,The Best Of 1980-1990,U2,Rock,230217,3.84,3.03
3017,All I Want Is You,The Best Of 1980-1990,U2,Rock,591986,9.87,6.41
3018,Sunday Bloody Sunday,War,U2,Rock,278204,4.64,3.4
3019,Seconds,War,U2,Rock,191582,3.19,2.3
3020,New Year's Day,War,U2,Rock,336274,5.6,4.11
3021,Like A Song...,War,U2,Rock,287294,4.79,3.09
3022,Drowning Man,War,U2,Rock,254458,4.24,2.98
3023,The Refugee,War,U2,Rock,221283,3.69,2.57
3024,Two Hearts Beat As One,War,U2,Rock,243487,4.06,2.79
3025,Red Light,War,U2,Rock,225854,3.76,2.32
3026,Surrender,War,U2,Rock,333505,5.56,3.61
3027,"""40""",War,U2,Rock,157962,2.63,1.85
3028,Zooropa,Zooropa,U2,Rock,392359,6.54,2.21
3029,Babyface,Zooropa,U2,Rock,241998,4.03,3.33
3030,Numb,Zooropa,U2,Rock,260284,4.34,2.79
3031,Lemon,Zooropa,U2,Rock,418324,6.97,1.22
3032,"Stay (Faraway, So Close!)",Zooropa,U2,Rock,298475,4.97,4.1
3033,Daddy's Gonna Pay For Your Crashed Car,Zooropa,U2,Rock,320287,5.34,1.1
3034,Some Days Are Better Than Others,Zooropa,U2,Rock,257436,4.29,2.31
3035,The First Time,Zooropa,U2,Rock,225697,3.76,3.51
3036,Dirty Day,Zooropa,U2,Rock,324440,5.41,3.86
3037,The Wanderer,Zooropa,U2,Rock,283951,4.73,4.11
3038,Breakfast In Bed,UB40 The Best Of - Volume Two [UK],UB40,Reggae,196179,3.27,2.12
3039,Where Did I Go Wrong,UB40 The Best Of - Volume Two [UK],UB40,Reggae,226742,3.78,3.12
3040,I Would Do For You,UB40 The Best Of - Volume Two [UK],UB40,Reggae,334524,5.58,4.33
3041,Homely Girl,UB40 The Best Of - Volume Two [UK],UB40,Reggae,203833,3.4,2.91
3042,Here I Am (Come And Take Me),UB40 The Best Of - Volume Two [UK],UB40,Reggae,242102,4.04,3.23
3043,Kingston Town,UB40 The Best Of - Volume Two [UK],UB40,Reggae,226951,3.78,2.4
3044,Wear You To The Ball,UB40 The Best Of - Volume Two [UK],UB40,Reggae,213342,3.56,2.97
3045,(I Can't Help) Falling In Love With You,UB40 The Best Of - Volume Two [UK],UB40,Reggae,207568,3.46,3.05
3046,Higher Ground,UB40 The Best Of - Volume Two [UK],UB40,Reggae,260179,4.34,2.97
3047,Bring Me Your Cup,UB40 The Best Of - Volume Two [UK],UB40,Reggae,341498,5.69,3.86
3048,C'est La Vie,UB40 The Best Of - Volume Two [UK],UB40,Reggae,270053,4.5,2.74
3049,Reggae Music,UB40 The Best Of - Volume Two [UK],UB40,Reggae,245106,4.09,2.73
3050,Superstition,UB40 The Best Of - Volume Two [UK],UB40,Reggae,319582,5.33,3.32
3051,Until My Dying Day,UB40 The Best Of - Volume Two [UK],UB40,Reggae,235807,3.93,2.46
3052,Where Have All The Good Times Gone?,Diver Down,Van Halen,Rock,186723,3.11,2.25
3053,Hang 'Em High,Diver Down,Van Halen,Rock,210259,3.5,2.7
3054,Cathedral,Diver Down,Van Halen,Rock,82860,1.38,1.73
3055,Secrets,Diver Down,Van Halen,Rock,206968,3.45,2.92
3056,Intruder,Diver Down,Van Halen,Rock,100153,1.67,1.34
3057,(Oh) Pretty Woman,Diver Down,Van Halen,Rock,174680,2.91,2.45
3058,Dancing In The Street,Diver Down,Van Halen,Rock,225985,3.77,2.6
3059,Little Guitars (Intro),Diver Down,Van Halen,Rock,42240,0.7,0.83
3060,Little Guitars,Diver Down,Van Halen,Rock,228806,3.81,2.36
3061,Big Bad Bill (Is Sweet William Now),Diver Down,Van Halen,Rock,165146,2.75,2.59
3062,The Full Bug,Diver Down,Van Halen,Rock,201116,3.35,2.74
3063,Happy Trails,Diver Down,Van Halen,Rock,65488,1.09,1.35
3064,Eruption,"The Best Of Van Halen, Vol. I",Van Halen,Rock,102164,1.7,1.84
3065,Ain't Talkin' 'bout Love,"The Best Of Van Halen, Vol. I",Van Halen,Rock,228336,3.81,2.6
3066,Runnin' With The Devil,"The Best Of Van Halen, Vol. I",Van Halen,Rock,215902,3.6,2.31
3067,Dance the Night Away,"The Best Of Van Halen, Vol. I",Van Halen,Rock,185965,3.1,2.05
3068,And the Cradle Will Rock...,"The Best Of Van Halen, Vol. I",Van Halen,Rock,213968,3.57,2.57
3069,Unchained,"The Best Of Van Halen, Vol. I",Van Halen,Rock,208953,3.48,2.28
3070,Jump,"The Best Of Van Halen, Vol. I",Van Halen,Rock,241711,4.03,3.18
3071,Panama,"The Best Of Van Halen, Vol. I",Van Halen,Rock,211853,3.53,2.42
3072,Why Can't This Be Love,"The Best Of Van Halen, Vol. I",Van Halen,Rock,227761,3.8,2.53
3073,Dreams,"The Best Of Van Halen, Vol. I",Van Halen,Rock,291813,4.86,3.82
3074,When It's Love,"The Best Of Van Halen, Vol. I",Van Halen,Rock,338991,5.65,3.75
3075,Poundcake,"The Best Of Van Halen, Vol. I",Van Halen,Rock,321854,5.36,3.79
3076,Right Now,"The Best Of Van Halen, Vol. I",Van Halen,Rock,321828,5.36,3.58
3077,Can't Stop Loving You,"The Best Of Van Halen, Vol. I",Van Halen,Rock,248502,4.14,2.51
3078,Humans Being,"The Best Of Van Halen, Vol. I",Van Halen,Rock,308950,5.15,3.58
3079,Can't Get This Stuff No More,"The Best Of Van Halen, Vol. I",Van Halen,Rock,315376,5.26,3.45
3080,Me Wise Magic,"The Best Of Van Halen, Vol. I",Van Halen,Rock,366053,6.1,3.67
3081,Runnin' With The Devil,Van Halen,Van Halen,Rock,216032,3.6,2.72
3082,Eruption,Van Halen,Van Halen,Rock,102556,1.71,1.85
3083,You Really Got Me,Van Halen,Van Halen,Rock,158589,2.64,1.87
3084,Ain't Talkin' 'Bout Love,Van Halen,Van Halen,Rock,230060,3.83,2.62
3085,I'm The One,Van Halen,Van Halen,Rock,226507,3.78,3.07
3086,Jamie's Cryin',Van Halen,Van Halen,Rock,210546,3.51,2.31
3087,Atomic Punk,Van Halen,Van Halen,Rock,182073,3.03,2.62
3088,Feel Your Love Tonight,Van Halen,Van Halen,Rock,222850,3.71,2.3
3089,Little Dreamer,Van Halen,Van Halen,Rock,203258,3.39,2.21
3090,Ice Cream Man,Van Halen,Van Halen,Rock,200306,3.34,2.69
3091,On Fire,Van Halen,Van Halen,Rock,180636,3.01,2.71
3092,Neworld,Van Halen III,Van Halen,Rock,105639,1.76,1.79
3093,Without You,Van Halen III,Van Halen,Rock,390295,6.5,4.74
3094,One I Want,Van Halen III,Van Halen,Rock,330788,5.51,4.26
3095,From Afar,Van Halen III,Van Halen,Rock,324414,5.41,3.77
3096,Dirty Water Dog,Van Halen III,Van Halen,Rock,327392,5.46,4.17
3097,Once,Van Halen III,Van Halen,Rock,462837,7.71,4.85
3098,Fire in the Hole,Van Halen III,Van Halen,Rock,331728,5.53,3.76
3099,Josephina,Van Halen III,Van Halen,Rock,342491,5.71,4.14
3100,Year to the Day,Van Halen III,Van Halen,Rock,514612,8.58,6
3101,Primary,Van Halen III,Van Halen,Rock,86987,1.45,0.9
3102,Ballot or the Bullet,Van Halen III,Van Halen,Rock,342282,5.7,3.85
3103,How Many Say I,Van Halen III,Van Halen,Rock,363937,6.07,4.03
3104,Sucker Train Blues,Contraband,Velvet Revolver,Rock,267859,4.46,3.61
3105,Do It For The Kids,Contraband,Velvet Revolver,Rock,235911,3.93,2.68
3106,Big Machine,Contraband,Velvet Revolver,Rock,265613,4.43,3.41
3107,Illegal I Song,Contraband,Velvet Revolver,Rock,257750,4.3,2.62
3108,Spectacle,Contraband,Velvet Revolver,Rock,221701,3.7,2.31
3109,Fall To Pieces,Contraband,Velvet Revolver,Rock,270889,4.51,3.27
3110,Headspace,Contraband,Velvet Revolver,Rock,223033,3.72,2.87
3111,Superhuman,Contraband,Velvet Revolver,Rock,255921,4.27,2.88
3112,Set Me Free,Contraband,Velvet Revolver,Rock,247954,4.13,3.2
3113,You Got No Right,Contraband,Velvet Revolver,Rock,335412,5.59,4.3
3114,Slither,Contraband,Velvet Revolver,Rock,248398,4.14,2.59
3115,Dirty Little Thing,Contraband,Velvet Revolver,Rock,237844,3.96,3.18
3116,Loving The Alien,Contraband,Velvet Revolver,Rock,348786,5.81,3.82
3117,Pela Luz Dos Olhos Teus,Vinicius De Moraes,Vinícius De Moraes,Latin,119196,1.99,2.17
3118,A Bencao E Outros,Vinicius De Moraes,Vinícius De Moraes,Latin,421093,7.02,4.82
3119,Tudo Na Mais Santa Paz,Vinicius De Moraes,Vinícius De Moraes,Latin,222406,3.71,2.57
3120,O Velho E Aflor,Vinicius De Moraes,Vinícius De Moraes,Latin,275121,4.59,3.01
3121,Cotidiano N 2,Vinicius De Moraes,Vinícius De Moraes,Latin,55902,0.93,1
3122,Adeus,Vinicius De Moraes,Vinícius De Moraes,Latin,221884,3.7,2.52
3123,Samba Pra Endrigo,Vinicius De Moraes,Vinícius De Moraes,Latin,259265,4.32,2.72
3124,So Por Amor,Vinicius De Moraes,Vinícius De Moraes,Latin,236591,3.94,3.17
3125,Meu Pranto Rolou,Vinicius De Moraes,Vinícius De Moraes,Latin,181760,3.03,1.85
3126,Mulher Carioca,Vinicius De Moraes,Vinícius De Moraes,Latin,191686,3.19,2.38
3127,Um Homem Chamado Alfredo,Vinicius De Moraes,Vinícius De Moraes,Latin,151640,2.53,2.11
3128,Samba Do Jato,Vinicius De Moraes,Vinícius De Moraes,Latin,220813,3.68,2.83
3129,"Oi, La",Vinicius De Moraes,Vinícius De Moraes,Latin,167053,2.78,1.86
3130,"Vinicius, Poeta Do Encontro",Vinicius De Moraes,Vinícius De Moraes,Latin,336431,5.61,3.38
3131,Soneto Da Separacao,Vinicius De Moraes,Vinícius De Moraes,Latin,193880,3.23,2.2
3132,Still Of The Night,Greatest Hits,Lenny Kravitz,Metal,398210,6.64,4.45
3133,Here I Go Again,Greatest Hits,Lenny Kravitz,Metal,233874,3.9,3.32
3134,Is This Love,Greatest Hits,Lenny Kravitz,Metal,283924,4.73,2.94
3135,Love Ain't No Stranger,Greatest Hits,Lenny Kravitz,Metal,259395,4.32,3.22
3136,Looking For Love,Greatest Hits,Lenny Kravitz,Metal,391941,6.53,4.3
3137,Now You're Gone,Greatest Hits,Lenny Kravitz,Metal,251141,4.19,2.63
3138,Slide It In,Greatest Hits,Lenny Kravitz,Metal,202475,3.37,2.18
3139,Slow An' Easy,Greatest Hits,Lenny Kravitz,Metal,367255,6.12,4.38
3140,Judgement Day,Greatest Hits,Lenny Kravitz,Metal,317074,5.28,4.17
3141,You're Gonna Break My Hart Again,Greatest Hits,Lenny Kravitz,Metal,250853,4.18,3.45
3142,The Deeper The Love,Greatest Hits,Lenny Kravitz,Metal,262791,4.38,3.16
3143,Crying In The Rain,Greatest Hits,Lenny Kravitz,Metal,337005,5.62,3.62
3144,Fool For Your Loving,Greatest Hits,Lenny Kravitz,Metal,250801,4.18,3.11
3145,Sweet Lady Luck,Greatest Hits,Lenny Kravitz,Metal,273737,4.56,3.1
3146,Faixa Amarela,Ao Vivo [IMPORT],Zeca Pagodinho,Latin,240692,4.01,3.29
3147,Posso Até Me Apaixonar,Ao Vivo [IMPORT],Zeca Pagodinho,Latin,200698,3.34,2.77
3148,Não Sou Mais Disso,Ao Vivo [IMPORT],Zeca Pagodinho,Latin,225985,3.77,2.51
3149,Vivo Isolado Do Mundo,Ao Vivo [IMPORT],Zeca Pagodinho,Latin,180035,3.0,2.42
3150,Coração Em Desalinho,Ao Vivo [IMPORT],Zeca Pagodinho,Latin,185208,3.09,2.24
3151,Seu Balancê,Ao Vivo [IMPORT],Zeca Pagodinho,Latin,219454,3.66,3.18
3152,Vai Adiar,Ao Vivo [IMPORT],Zeca Pagodinho,Latin,270393,4.51,3.21
3153,Rugas,Ao Vivo [IMPORT],Zeca Pagodinho,Latin,140930,2.35,2.02
3154,Feirinha da Pavuna/Luz do Repente/Bagaço da Laranja,Ao Vivo [IMPORT],Zeca Pagodinho,Latin,107206,1.79,1.97
3155,Sem Essa de Malandro Agulha,Ao Vivo [IMPORT],Zeca Pagodinho,Latin,158484,2.64,2.51
3156,Chico Não Vai na Corimba,Ao Vivo [IMPORT],Zeca Pagodinho,Latin,269374,4.49,3.35
3157,Papel Principal,Ao Vivo [IMPORT],Zeca Pagodinho,Latin,217495,3.62,3.07
3158,Saudade Louca,Ao Vivo [IMPORT],Zeca Pagodinho,Latin,243591,4.06,3.14
3159,Camarão que Dorme e Onda Leva,Ao Vivo [IMPORT],Zeca Pagodinho,Latin,299102,4.99,3.11
3160,Sapopemba e Maxambomba,Ao Vivo [IMPORT],Zeca Pagodinho,Latin,245394,4.09,3.22
3161,Minha Fé,Ao Vivo [IMPORT],Zeca Pagodinho,Latin,206994,3.45,2.41
3162,Lua de Ogum,Ao Vivo [IMPORT],Zeca Pagodinho,Latin,168463,2.81,2.09
3163,Samba pras moças,Ao Vivo [IMPORT],Zeca Pagodinho,Latin,152816,2.55,1.9
3164,Verdade,Ao Vivo [IMPORT],Zeca Pagodinho,Latin,332826,5.55,3.55
3165,The Brig,"Lost, Season 3",Lost,Drama,2617325,43.62,26.46
3166,.07%,"Heroes, Season 1",Heroes,Drama,2585794,43.1,26.44
3167,Five Years Gone,"Heroes, Season 1",Heroes,Drama,2587712,43.13,26.11
3168,The Hard Part,"Heroes, Season 1",Heroes,Drama,2601017,43.35,26.46
3169,The Man Behind the Curtain,"Lost, Season 3",Lost,Drama,2615990,43.6,26.79
3170,Greatest Hits,"Lost, Season 3",Lost,Drama,2617117,43.62,26.24
3171,Landslide,"Heroes, Season 1",Heroes,Drama,2600725,43.35,26.06
3172,The Office: An American Workplace (Pilot),"The Office, Season 1",The Office,TV Shows,1380833,23.01,14.57
3173,Diversity Day,"The Office, Season 1",The Office,TV Shows,1306416,21.77,13.17
3174,Health Care,"The Office, Season 1",The Office,TV Shows,1321791,22.03,13.95
3175,The Alliance,"The Office, Season 1",The Office,TV Shows,1317125,21.95,13.65
3176,Basketball,"The Office, Season 1",The Office,TV Shows,1323541,22.06,13.54
3177,Hot Girl,"The Office, Season 1",The Office,TV Shows,1325458,22.09,13.67
3178,The Dundies,"The Office, Season 2",The Office,TV Shows,1253541,20.89,12.86
3179,Sexual Harassment,"The Office, Season 2",The Office,TV Shows,1294541,21.58,12.99
3180,Office Olympics,"The Office, Season 2",The Office,TV Shows,1290458,21.51,13
3181,The Fire,"The Office, Season 2",The Office,TV Shows,1288166,21.47,12.89
3182,Halloween,"The Office, Season 2",The Office,TV Shows,1315333,21.92,13.89
3183,The Fight,"The Office, Season 2",The Office,TV Shows,1320028,22.0,13.77
3184,The Client,"The Office, Season 2",The Office,TV Shows,1299341,21.66,13.95
3185,Performance Review,"The Office, Season 2",The Office,TV Shows,1292458,21.54,13.52
3186,Email Surveillance,"The Office, Season 2",The Office,TV Shows,1328870,22.15,13.7
3187,Christmas Party,"The Office, Season 2",The Office,TV Shows,1282115,21.37,13.03
3188,Booze Cruise,"The Office, Season 2",The Office,TV Shows,1267958,21.13,12.92
3189,The Injury,"The Office, Season 2",The Office,TV Shows,1275275,21.25,13.56
3190,The Secret,"The Office, Season 2",The Office,TV Shows,1264875,21.08,13.44
3191,The Carpet,"The Office, Season 2",The Office,TV Shows,1264375,21.07,13.15
3192,Boys and Girls,"The Office, Season 2",The Office,TV Shows,1278333,21.31,13.25
3193,Valentine's Day,"The Office, Season 2",The Office,TV Shows,1270375,21.17,13.21
3194,Dwight's Speech,"The Office, Season 2",The Office,TV Shows,1278041,21.3,12.89
3195,Take Your Daughter to Work Day,"The Office, Season 2",The Office,TV Shows,1268333,21.14,12.86
3196,Michael's Birthday,"The Office, Season 2",The Office,TV Shows,1237791,20.63,12.59
3197,Drug Testing,"The Office, Season 2",The Office,TV Shows,1278625,21.31,13.03
3198,Conflict Resolution,"The Office, Season 2",The Office,TV Shows,1274583,21.24,13.38
3199,Casino Night - Season Finale,"The Office, Season 2",The Office,TV Shows,1712791,28.55,17.3
3200,Gay Witch Hunt,"The Office, Season 3",The Office,TV Shows,1326534,22.11,14.1
3201,The Convention,"The Office, Season 3",The Office,TV Shows,1297213,21.62,13.14
3202,The Coup,"The Office, Season 3",The Office,TV Shows,1276526,21.28,13.55
3203,Grief Counseling,"The Office, Season 3",The Office,TV Shows,1282615,21.38,13.21
3204,The Initiation,"The Office, Season 3",The Office,TV Shows,1280113,21.34,13.03
3205,Diwali,"The Office, Season 3",The Office,TV Shows,1279904,21.33,13.26
3206,Branch Closing,"The Office, Season 3",The Office,TV Shows,1822781,30.38,18.56
3207,The Merger,"The Office, Season 3",The Office,TV Shows,1801926,30.03,18.17
3208,The Convict,"The Office, Season 3",The Office,Comedy,1273064,21.22,13.07
3209,"A Benihana Christmas, Pts. 1 & 2","The Office, Season 3",The Office,Comedy,2519436,41.99,25.26
3210,Back from Vacation,"The Office, Season 3",The Office,Comedy,1271688,21.19,13.27
3211,Traveling Salesmen,"The Office, Season 3",The Office,Comedy,1289039,21.48,13.25
3212,Producer's Cut: The Return,"The Office, Season 3",The Office,Comedy,1700241,28.34,17.99
3213,Ben Franklin,"The Office, Season 3",The Office,Comedy,1271938,21.2,13.51
3214,Phyllis's Wedding,"The Office, Season 3",The Office,Comedy,1271521,21.19,13.3
3215,Business School,"The Office, Season 3",The Office,Comedy,1302093,21.7,13.93
3216,Cocktails,"The Office, Season 3",The Office,Comedy,1272522,21.21,13.03
3217,The Negotiation,"The Office, Season 3",The Office,Comedy,1767851,29.46,18.1
3218,Safety Training,"The Office, Season 3",The Office,Comedy,1271229,21.19,13.42
3219,Product Recall,"The Office, Season 3",The Office,Comedy,1268268,21.14,13.06
3220,Women's Appreciation,"The Office, Season 3",The Office,Comedy,1732649,28.88,17.88
3221,Beach Games,"The Office, Season 3",The Office,Comedy,1676134,27.94,17.32
3222,The Job,"The Office, Season 3",The Office,Comedy,2541875,42.36,26.15
3223,How to Stop an Exploding Man,"Heroes, Season 1",Heroes,Drama,2687103,44.79,27.46
3224,Through a Looking Glass,"Lost, Season 3",Lost,Drama,5088838,84.81,51.47
3225,Your Time Is Gonna Come,Un-Led-Ed,Dread Zeppelin,Rock,310774,5.18,3.55
3226,"Battlestar Galactica, Pt. 1","Battlestar Galactica (Classic), Season 1",Battlestar Galactica (Classic),Sci Fi & Fantasy,2952702,49.21,29.81
3227,"Battlestar Galactica, Pt. 2","Battlestar Galactica (Classic), Season 1",Battlestar Galactica (Classic),Sci Fi & Fantasy,2956081,49.27,30.04
3228,"Battlestar Galactica, Pt. 3","Battlestar Galactica (Classic), Season 1",Battlestar Galactica (Classic),Sci Fi & Fantasy,2927802,48.8,29.71
3229,"Lost Planet of the Gods, Pt. 1","Battlestar Galactica (Classic), Season 1",Battlestar Galactica (Classic),Sci Fi & Fantasy,2922547,48.71,29.96
3230,"Lost Planet of the Gods, Pt. 2","Battlestar Galactica (Classic), Season 1",Battlestar Galactica (Classic),Sci Fi & Fantasy,2914664,48.58,30.1
3231,The Lost Warrior,"Battlestar Galactica (Classic), Season 1",Battlestar Galactica (Classic),Sci Fi & Fantasy,2920045,48.67,29.66
3232,The Long Patrol,"Battlestar Galactica (Classic), Season 1",Battlestar Galactica (Classic),Sci Fi & Fantasy,2925008,48.75,30.15
3233,"The Gun On Ice Planet Zero, Pt. 1","Battlestar Galactica (Classic), Season 1",Battlestar Galactica (Classic),Sci Fi & Fantasy,2907615,48.46,29.74
3234,"The Gun On Ice Planet Zero, Pt. 2","Battlestar Galactica (Classic), Season 1",Battlestar Galactica (Classic),Sci Fi & Fantasy,2924341,48.74,30.04
3235,The Magnificent Warriors,"Battlestar Galactica (Classic), Season 1",Battlestar Galactica (Classic),Sci Fi & Fantasy,2924716,48.75,29.7
3236,The Young Lords,"Battlestar Galactica (Classic), Season 1",Battlestar Galactica (Classic),Sci Fi & Fantasy,2863571,47.73,29.41
3237,"The Living Legend, Pt. 1","Battlestar Galactica (Classic), Season 1",Battlestar Galactica (Classic),Sci Fi & Fantasy,2924507,48.74,29.25
3238,"The Living Legend, Pt. 2","Battlestar Galactica (Classic), Season 1",Battlestar Galactica (Classic),Sci Fi & Fantasy,2923298,48.72,30.17
3239,Fire In Space,"Battlestar Galactica (Classic), Season 1",Battlestar Galactica (Classic),Sci Fi & Fantasy,2926593,48.78,29.52
3240,"War of the Gods, Pt. 1","Battlestar Galactica (Classic), Season 1",Battlestar Galactica (Classic),Sci Fi & Fantasy,2922630,48.71,30.1
3241,"War of the Gods, Pt. 2","Battlestar Galactica (Classic), Season 1",Battlestar Galactica (Classic),Sci Fi & Fantasy,2923381,48.72,29.73
3242,The Man With Nine Lives,"Battlestar Galactica (Classic), Season 1",Battlestar Galactica (Classic),Sci Fi & Fantasy,2956998,49.28,30.2
3243,Murder On the Rising Star,"Battlestar Galactica (Classic), Season 1",Battlestar Galactica (Classic),Sci Fi & Fantasy,2935894,48.93,29.94
3244,"Greetings from Earth, Pt. 1","Battlestar Galactica (Classic), Season 1",Battlestar Galactica (Classic),Sci Fi & Fantasy,2960293,49.34,30.31
3245,"Greetings from Earth, Pt. 2","Battlestar Galactica (Classic), Season 1",Battlestar Galactica (Classic),Sci Fi & Fantasy,2903778,48.4,29.46
3246,Baltar's Escape,"Battlestar Galactica (Classic), Season 1",Battlestar Galactica (Classic),Sci Fi & Fantasy,2922088,48.7,29.78
3247,Experiment In Terra,"Battlestar Galactica (Classic), Season 1",Battlestar Galactica (Classic),Sci Fi & Fantasy,2923548,48.73,29.7
3248,Take the Celestra,"Battlestar Galactica (Classic), Season 1",Battlestar Galactica (Classic),Sci Fi & Fantasy,2927677,48.79,30.25
3249,The Hand of God,"Battlestar Galactica (Classic), Season 1",Battlestar Galactica (Classic),Sci Fi & Fantasy,2924007,48.73,30.23
3250,Pilot,Aquaman,Aquaman,TV Shows,2484567,41.41,25.28
3251,"Through the Looking Glass, Pt. 2","Lost, Season 3",Lost,Drama,2617117,43.62,26.49
3252,"Through the Looking Glass, Pt. 1","Lost, Season 3",Lost,Drama,2610860,43.51,26.61
3253,Instant Karma,Instant Karma: The Amnesty International Campaign to Save Darfur,U2,Pop,193188,3.22,2.04
3254,#9 Dream,Instant Karma: The Amnesty International Campaign to Save Darfur,U2,Pop,278312,4.64,3
3255,Mother,Instant Karma: The Amnesty International Campaign to Save Darfur,U2,Pop,287740,4.8,3.75
3256,Give Peace a Chance,Instant Karma: The Amnesty International Campaign to Save Darfur,U2,Pop,274644,4.58,2.95
3257,Cold Turkey,Instant Karma: The Amnesty International Campaign to Save Darfur,U2,Pop,281424,4.69,3.62
3258,Whatever Gets You Thru the Night,Instant Karma: The Amnesty International Campaign to Save Darfur,U2,Pop,215084,3.58,2.69
3259,I'm Losing You,Instant Karma: The Amnesty International Campaign to Save Darfur,U2,Pop,240719,4.01,2.79
3260,Gimme Some Truth,Instant Karma: The Amnesty International Campaign to Save Darfur,U2,Pop,232778,3.88,2.98
3261,"Oh, My Love",Instant Karma: The Amnesty International Campaign to Save Darfur,U2,Pop,159473,2.66,2.29
3262,Imagine,Instant Karma: The Amnesty International Campaign to Save Darfur,U2,Pop,192329,3.21,2.17
3263,Nobody Told Me,Instant Karma: The Amnesty International Campaign to Save Darfur,U2,Pop,210348,3.51,2.14
3264,Jealous Guy,Instant Karma: The Amnesty International Campaign to Save Darfur,U2,Pop,239094,3.98,2.63
3265,Working Class Hero,Instant Karma: The Amnesty International Campaign to Save Darfur,U2,Pop,265449,4.42,3.62
3266,Power to the People,Instant Karma: The Amnesty International Campaign to Save Darfur,U2,Pop,213018,3.55,2.31
3267,Imagine,Instant Karma: The Amnesty International Campaign to Save Darfur,U2,Pop,219078,3.65,2.99
3268,Beautiful Boy,Instant Karma: The Amnesty International Campaign to Save Darfur,U2,Pop,227995,3.8,2.5
3269,Isolation,Instant Karma: The Amnesty International Campaign to Save Darfur,U2,Pop,156059,2.6,1.7
3270,Watching the Wheels,Instant Karma: The Amnesty International Campaign to Save Darfur,U2,Pop,198645,3.31,2.96
3271,Grow Old With Me,Instant Karma: The Amnesty International Campaign to Save Darfur,U2,Pop,149093,2.48,2.18
3272,Gimme Some Truth,Instant Karma: The Amnesty International Campaign to Save Darfur,U2,Pop,187546,3.13,2.33
3273,[Just Like] Starting Over,Instant Karma: The Amnesty International Campaign to Save Darfur,U2,Pop,215549,3.59,2.91
3274,God,Instant Karma: The Amnesty International Campaign to Save Darfur,U2,Pop,260410,4.34,2.76
3275,Real Love,Instant Karma: The Amnesty International Campaign to Save Darfur,U2,Pop,236911,3.95,2.63
3276,Sympton of the Universe,Speak of the Devil,Ozzy Osbourne,Rock,340890,5.68,3.75
3277,Snowblind,Speak of the Devil,Ozzy Osbourne,Rock,295960,4.93,3.07
3278,Black Sabbath,Speak of the Devil,Ozzy Osbourne,Rock,364180,6.07,3.96
3279,Fairies Wear Boots,Speak of the Devil,Ozzy Osbourne,Rock,392764,6.55,4
3280,War Pigs,Speak of the Devil,Ozzy Osbourne,Rock,515435,8.59,5.81
3281,The Wizard,Speak of the Devil,Ozzy Osbourne,Rock,282678,4.71,3.05
3282,N.I.B.,Speak of the Devil,Ozzy Osbourne,Rock,335248,5.59,3.8
3283,Sweet Leaf,Speak of the Devil,Ozzy Osbourne,Rock,354706,5.91,4.48
3284,Never Say Die,Speak of the Devil,Ozzy Osbourne,Rock,258343,4.31,3.47
3285,"Sabbath, Bloody Sabbath",Speak of the Devil,Ozzy Osbourne,Rock,333622,5.56,3.38
3286,Iron Man/Children of the Grave,Speak of the Devil,Ozzy Osbourne,Rock,552308,9.21,5.95
3287,Paranoid,Speak of the Devil,Ozzy Osbourne,Rock,189171,3.15,2.22
3288,Rock You Like a Hurricane,"20th Century Masters - The Millennium Collection: The Best of Scorpions",Scorpions,Rock,255766,4.26,3.36
3289,No One Like You,"20th Century Masters - The Millennium Collection: The Best of Scorpions",Scorpions,Rock,240325,4.01,2.44
3290,The Zoo,"20th Century Masters - The Millennium Collection: The Best of Scorpions",Scorpions,Rock,332740,5.55,4.23
3291,Loving You Sunday Morning,"20th Century Masters - The Millennium Collection: The Best of Scorpions",Scorpions,Rock,339125,5.65,4.33
3292,Still Loving You,"20th Century Masters - The Millennium Collection: The Best of Scorpions",Scorpions,Rock,390674,6.51,4.25
3293,Big City Nights,"20th Century Masters - The Millennium Collection: The Best of Scorpions",Scorpions,Rock,251865,4.2,3.11
3294,Believe in Love,"20th Century Masters - The Millennium Collection: The Best of Scorpions",Scorpions,Rock,325774,5.43,3.77
3295,Rhythm of Love,"20th Century Masters - The Millennium Collection: The Best of Scorpions",Scorpions,Rock,231246,3.85,3.15
3296,I Can't Explain,"20th Century Masters - The Millennium Collection: The Best of Scorpions",Scorpions,Rock,205332,3.42,2.86
3297,Tease Me Please Me,"20th Century Masters - The Millennium Collection: The Best of Scorpions",Scorpions,Rock,287229,4.79,3.47
3298,Wind of Change,"20th Century Masters - The Millennium Collection: The Best of Scorpions",Scorpions,Rock,315325,5.26,3.95
3299,Send Me an Angel,"20th Century Masters - The Millennium Collection: The Best of Scorpions",Scorpions,Rock,273041,4.55,2.88
3300,Jump Around,House of Pain,House Of Pain,Hip Hop/Rap,217835,3.63,2.97
3301,Salutations,House of Pain,House Of Pain,Hip Hop/Rap,69120,1.15,0.77
3302,Put Your Head Out,House of Pain,House Of Pain,Hip Hop/Rap,182230,3.04,2.44
3303,Top O' The Morning To Ya,House of Pain,House Of Pain,Hip Hop/Rap,216633,3.61,2.94
3304,Commercial 1,House of Pain,House Of Pain,Hip Hop/Rap,7941,0.13,0.13
3305,House And The Rising Sun,House of Pain,House Of Pain,Hip Hop/Rap,219402,3.66,2.94
3306,Shamrocks And Shenanigans,House of Pain,House Of Pain,Hip Hop/Rap,218331,3.64,2.97
3307,House Of Pain Anthem,House of Pain,House Of Pain,Hip Hop/Rap,155611,2.59,2.08
3308,"Danny Boy, Danny Boy",House of Pain,House Of Pain,Hip Hop/Rap,114520,1.91,1.74
3309,Guess Who's Back,House of Pain,House Of Pain,Hip Hop/Rap,238393,3.97,3.37
3310,Commercial 2,House of Pain,House Of Pain,Hip Hop/Rap,21211,0.35,1.01
3311,Put On Your Shit Kickers,House of Pain,House Of Pain,Hip Hop/Rap,190432,3.17,2.03
3312,Come And Get Some Of This,House of Pain,House Of Pain,Hip Hop/Rap,170475,2.84,2.59
3313,Life Goes On,House of Pain,House Of Pain,Hip Hop/Rap,163030,2.72,2.11
3314,One For The Road,House of Pain,House Of Pain,Hip Hop/Rap,170213,2.84,2.12
3315,Feel It,House of Pain,House Of Pain,Hip Hop/Rap,239908,4.0,3.38
3316,All My Love,House of Pain,House Of Pain,Hip Hop/Rap,200620,3.34,2.52
3317,Jump Around (Pete Rock Remix),House of Pain,House Of Pain,Hip Hop/Rap,236120,3.94,3.23
3318,Shamrocks And Shenanigans (Boom Shalock Lock Boom/Butch Vig Mix),House of Pain,House Of Pain,Hip Hop/Rap,237035,3.95,3.33
3319,Instinto Colectivo,Radio Brasil (O Som da Jovem Vanguarda) - Seleccao de Henrique Amaro,O Rappa,Electronica/Dance,300564,5.01,4
3320,Chapa o Coco,Radio Brasil (O Som da Jovem Vanguarda) - Seleccao de Henrique Amaro,O Rappa,Electronica/Dance,143830,2.4,2.15
3321,Prostituta,Radio Brasil (O Som da Jovem Vanguarda) - Seleccao de Henrique Amaro,O Rappa,Electronica/Dance,359000,5.98,3.96
3322,Eu So Queria Sumir,Radio Brasil (O Som da Jovem Vanguarda) - Seleccao de Henrique Amaro,O Rappa,Electronica/Dance,269740,4.5,2.78
3323,Tres Reis,Radio Brasil (O Som da Jovem Vanguarda) - Seleccao de Henrique Amaro,O Rappa,Electronica/Dance,304143,5.07,3.95
3324,Um Lugar ao Sol,Radio Brasil (O Som da Jovem Vanguarda) - Seleccao de Henrique Amaro,O Rappa,Electronica/Dance,212323,3.54,2.36
3325,Batalha Naval,Radio Brasil (O Som da Jovem Vanguarda) - Seleccao de Henrique Amaro,O Rappa,Electronica/Dance,285727,4.76,3.27
3326,Todo o Carnaval tem seu Fim,Radio Brasil (O Som da Jovem Vanguarda) - Seleccao de Henrique Amaro,O Rappa,Electronica/Dance,237426,3.96,3.08
3327,O Misterio do Samba,Radio Brasil (O Som da Jovem Vanguarda) - Seleccao de Henrique Amaro,O Rappa,Electronica/Dance,226142,3.77,2.84
3328,Armadura,Radio Brasil (O Som da Jovem Vanguarda) - Seleccao de Henrique Amaro,O Rappa,Electronica/Dance,232881,3.88,2.55
3329,Na Ladeira,Radio Brasil (O Som da Jovem Vanguarda) - Seleccao de Henrique Amaro,O Rappa,Electronica/Dance,221570,3.69,2.71
3330,Carimbo,Radio Brasil (O Som da Jovem Vanguarda) - Seleccao de Henrique Amaro,O Rappa,Electronica/Dance,328751,5.48,3.92
3331,Catimbo,Radio Brasil (O Som da Jovem Vanguarda) - Seleccao de Henrique Amaro,O Rappa,Electronica/Dance,254484,4.24,3.19
3332,Funk de Bamba,Radio Brasil (O Som da Jovem Vanguarda) - Seleccao de Henrique Amaro,O Rappa,Electronica/Dance,237322,3.96,2.81
3333,Chega no Suingue,Radio Brasil (O Som da Jovem Vanguarda) - Seleccao de Henrique Amaro,O Rappa,Electronica/Dance,221805,3.7,3.02
3334,Mun-Ra,Radio Brasil (O Som da Jovem Vanguarda) - Seleccao de Henrique Amaro,O Rappa,Electronica/Dance,274651,4.58,3.44
3335,Freestyle Love,Radio Brasil (O Som da Jovem Vanguarda) - Seleccao de Henrique Amaro,O Rappa,Electronica/Dance,318484,5.31,4.11
3336,War Pigs,Cake: B-Sides and Rarities,Cake,Alternative,234013,3.9,2.57
3337,"Past, Present, and Future","LOST, Season 4",Lost,Drama,2492867,41.55,25.82
3338,The Beginning of the End,"LOST, Season 4",Lost,Drama,2611903,43.53,26.26
3339,LOST Season 4 Trailer,"LOST, Season 4",Lost,Drama,112712,1.88,1.74
3340,LOST In 8:15,"LOST, Season 4",Lost,Drama,497163,8.29,5.81
3341,Confirmed Dead,"LOST, Season 4",Lost,Drama,2611986,43.53,26.87
3342,The Economist,"LOST, Season 4",Lost,Drama,2609025,43.48,26.87
3343,Eggtown,"LOST, Season 4",Lost,TV Shows,2608817,43.48,26.15
3344,The Constant,"LOST, Season 4",Lost,Drama,2611569,43.53,26.25
3345,The Other Woman,"LOST, Season 4",Lost,Drama,2605021,43.42,26.83
3346,Ji Yeon,"LOST, Season 4",Lost,TV Shows,2588797,43.15,26.87
3347,Meet Kevin Johnson,"LOST, Season 4",Lost,TV Shows,2612028,43.53,26.68
3348,The Shape of Things to Come,"LOST, Season 4",Lost,Drama,2591299,43.19,26.56
3349,Amanda,Quiet Songs,Aisha Duo,Jazz,246503,4.11,3.25
3350,Despertar,Quiet Songs,Aisha Duo,Jazz,307385,5.12,3.48
3351,Din Din Wo (Little Child),Muso Ko,Habib Koité and Bamada,World,285837,4.76,3.17
3352,Distance,Realize,Karsh Kale,Electronica/Dance,327122,5.45,3.69
3353,I Guess You're Right,Every Kind of Light,The Posies,Rock,212044,3.53,2.35
3354,I Ka Barra (Your Work),Muso Ko,Habib Koité and Bamada,World,300605,5.01,3.42
3355,Love Comes,Every Kind of Light,The Posies,Rock,199923,3.33,2.28
3356,Muita Bobeira,Duos II,Luciana Souza/Romero Lubambo,Latin,172710,2.88,1.86
3357,OAM's Blues,Worlds,Aaron Goldberg,Jazz,266936,4.45,3.25
3358,One Step Beyond,Realize,Karsh Kale,Electronica/Dance,366085,6.1,4.39
3359,"Symphony No. 3 in E-flat major, Op. 55, ""Eroica"" - Scherzo: Allegro Vivace",The Best of Beethoven,Nicolaus Esterhazy Sinfonia,Classical,356426,5.94,3.88
3360,Something Nice Back Home,"LOST, Season 4",Lost,Drama,2612779,43.55,26.45
3361,Cabin Fever,"LOST, Season 4",Lost,Drama,2612028,43.53,26.14
3362,"There's No Place Like Home, Pt. 1","LOST, Season 4",Lost,Drama,2609526,43.49,26.2
3363,"There's No Place Like Home, Pt. 2","LOST, Season 4",Lost,Drama,2497956,41.63,25.15
3364,"There's No Place Like Home, Pt. 3","LOST, Season 4",Lost,Drama,2582957,43.05,26.05
3365,Say Hello 2 Heaven,Temple of the Dog,Temple of the Dog,Alternative,384497,6.41,4.83
3366,Reach Down,Temple of the Dog,Temple of the Dog,Alternative,672773,11.21,7.51
3367,Hunger Strike,Temple of the Dog,Temple of the Dog,Alternative,246292,4.1,3.16
3368,Pushin Forward Back,Temple of the Dog,Temple of the Dog,Alternative,225278,3.75,2.35
3369,Call Me a Dog,Temple of the Dog,Temple of the Dog,Alternative,304458,5.07,3.86
3370,Times of Trouble,Temple of the Dog,Temple of the Dog,Alternative,342539,5.71,4.24
3371,Wooden Jesus,Temple of the Dog,Temple of the Dog,Alternative,250565,4.18,3.37
3372,Your Savior,Temple of the Dog,Temple of the Dog,Alternative,244226,4.07,2.48
3373,Four Walled World,Temple of the Dog,Temple of the Dog,Alternative,414474,6.91,4.98
3374,All Night Thing,Temple of the Dog,Temple of the Dog,Alternative,231803,3.86,3.09
3375,No Such Thing,Carry On,Chris Cornell,Alternative,224837,3.75,2.69
3376,Poison Eye,Carry On,Chris Cornell,Alternative,237120,3.95,3.35
3377,Arms Around Your Love,Carry On,Chris Cornell,Alternative,214016,3.57,2.91
3378,Safe and Sound,Carry On,Chris Cornell,Alternative,256764,4.28,3.06
3379,She'll Never Be Your Man,Carry On,Chris Cornell,Alternative,204078,3.4,2.34
3380,Ghosts,Carry On,Chris Cornell,Alternative,231547,3.86,2.39
3381,Killing Birds,Carry On,Chris Cornell,Alternative,218498,3.64,2.57
3382,Billie Jean,Carry On,Chris Cornell,Alternative,281401,4.69,3.01
3383,Scar On the Sky,Carry On,Chris Cornell,Alternative,220193,3.67,2.68
3384,Your Soul Today,Carry On,Chris Cornell,Alternative,205959,3.43,2.17
3385,Finally Forever,Carry On,Chris Cornell,Alternative,217035,3.62,2.92
3386,Silence the Voices,Carry On,Chris Cornell,Alternative,267376,4.46,2.82
3387,Disappearing Act,Carry On,Chris Cornell,Alternative,273320,4.56,3.01
3388,You Know My Name,Carry On,Chris Cornell,Alternative,240255,4.0,2.99
3389,Revelations,Revelations,Audioslave,Alternative,252376,4.21,2.89
3390,One and the Same,Revelations,Audioslave,Alternative,217732,3.63,3.06
3391,Sound of a Gun,Revelations,Audioslave,Alternative,260154,4.34,3.32
3392,Until We Fall,Revelations,Audioslave,Alternative,230758,3.85,2.58
3393,Original Fire,Revelations,Audioslave,Alternative,218916,3.65,2.24
3394,Broken City,Revelations,Audioslave,Alternative,228366,3.81,3.07
3395,Somedays,Revelations,Audioslave,Alternative,213831,3.56,2.93
3396,Shape of Things to Come,Revelations,Audioslave,Alternative,274597,4.58,3.54
3397,Jewel of the Summertime,Revelations,Audioslave,Alternative,233242,3.89,2.49
3398,Wide Awake,Revelations,Audioslave,Alternative,266308,4.44,3.24
3399,Nothing Left to Say But Goodbye,Revelations,Audioslave,Alternative,213041,3.55,2.74
3400,Moth,Revelations,Audioslave,Alternative,298049,4.97,3.54
3401,Show Me How to Live (Live at the Quart Festival),Revelations,Audioslave,Alternative,301974,5.03,3.84
3402,"Band Members Discuss Tracks from ""Revelations""",Revelations,Audioslave,Alternative,294294,4.9,3.4
3403,Intoitus: Adorate Deum,Adorate Deum: Gregorian Chant from the Proper of the Mass,Alberto Turco & Nova Schola Gregoriana,Classical,245317,4.09,2.51
3404,"Miserere mei, Deus",Allegri: Miserere,"Richard Marlow & The Choir of Trinity College, Cambridge",Classical,501503,8.36,5.95
3405,Canon and Gigue in D Major: I. Canon,Pachelbel: Canon & Gigue,English Concert & Trevor Pinnock,Classical,271788,4.53,3.44
3406,"Concerto No. 1 in E Major, RV 269 ""Spring"": I. Allegro",Vivaldi: The Four Seasons,"Anne-Sophie Mutter, Herbert Von Karajan & Wiener Philharmoniker",Classical,199086,3.32,2.38
3407,"Concerto for 2 Violins in D Minor, BWV 1043: I. Vivace",Bach: Violin Concertos,"Hilary Hahn, Jeffrey Kahane, Los Angeles Chamber Orchestra & Margaret Batjer",Classical,193722,3.23,2.68
3408,"Aria Mit 30 Veränderungen, BWV 988 ""Goldberg Variations"": Aria",Bach: Goldberg Variations,Wilhelm Kempff,Classical,120463,2.01,1.3
3409,"Suite for Solo Cello No. 1 in G Major, BWV 1007: I. Prélude",Bach: The Cello Suites,Yo-Yo Ma,Classical,143288,2.39,1.77
3410,"The Messiah: Behold, I Tell You a Mystery... The Trumpet Shall Sound",Handel: The Messiah (Highlights),Scholars Baroque Ensemble,Classical,582029,9.7,6.59
3411,Solomon HWV 67: The Arrival of the Queen of Sheba,The World of Classical Favourites,Academy of St. Martin in the Fields & Sir Neville Marriner,Classical,197135,3.29,2.04
3412,"""Eine Kleine Nachtmusik"" Serenade In G, K. 525: I. Allegro",Sir Neville Marriner: A Celebration,Academy of St. Martin in the Fields Chamber Ensemble & Sir Neville Marriner,Classical,348971,5.82,4.22
3413,"Concerto for Clarinet in A Major, K. 622: II. Adagio",Mozart: Wind Concertos,"Berliner Philharmoniker, Claudio Abbado & Sabine Meyer",Classical,394482,6.57,4.89
3414,"Symphony No. 104 in D Major ""London"": IV. Finale: Spiritoso",Haydn: Symphonies 99 - 104,Royal Philharmonic Orchestra & Sir Thomas Beecham,Classical,306687,5.11,3.61
3415,Symphony No.5 in C Minor: I. Allegro con brio,Beethoven: Symhonies Nos. 5 & 6,Orchestre Révolutionnaire et Romantique & John Eliot Gardiner,Classical,392462,6.54,4.32
3416,Ave Maria,A Soprano Inspired,"Britten Sinfonia, Ivor Bolton & Lesley Garrett",Classical,338243,5.64,3.4
3417,"Nabucco: Chorus, ""Va, Pensiero, Sull'ali Dorate""",Great Opera Choruses,"Chicago Symphony Chorus, Chicago Symphony Orchestra & Sir Georg Solti",Classical,274504,4.58,3.51
3418,Die Walküre: The Ride of the Valkyries,Wagner: Favourite Overtures,Sir Georg Solti & Wiener Philharmoniker,Classical,189008,3.15,2.24
3419,"Requiem, Op.48: 4. Pie Jesu","Fauré: Requiem, Ravel: Pavane & Others","Academy of St. Martin in the Fields, John Birch, Sir Neville Marriner & Sylvia McNair",Classical,258924,4.32,3.47
3420,"The Nutcracker, Op. 71a, Act II: Scene 14: Pas de deux: Dance of the Prince & the Sugar-Plum Fairy",Tchaikovsky: The Nutcracker,London Symphony Orchestra & Sir Charles Mackerras,Classical,304226,5.07,3.17
3421,"Nimrod (Adagio) from Variations On an Original Theme, Op. 36 ""Enigma""",The Last Night of the Proms,Barry Wordsworth & BBC Concert Orchestra,Classical,250031,4.17,2.68
3422,Madama Butterfly: Un Bel Dì Vedremo,Puccini: Madama Butterfly - Highlights,"Herbert Von Karajan, Mirella Freni & Wiener Philharmoniker",Classical,277639,4.63,3.31
3423,"Jupiter, the Bringer of Jollity","Holst: The Planets, Op. 32 & Vaughan Williams: Fantasies",Eugene Ormandy,Classical,522099,8.7,5.76
3424,"Turandot, Act III, Nessun dorma!",Pavarotti's Opera Made Easy,Luciano Pavarotti,Classical,176911,2.95,1.96
3425,"Adagio for Strings from the String Quartet, Op. 11",Great Performances - Barber's Adagio and Other Romantic Favorites for Strings,Leonard Bernstein & New York Philharmonic,Classical,596519,9.94,6.78
3426,Carmina Burana: O Fortuna,Carmina Burana,Boston Symphony Orchestra & Seiji Ozawa,Classical,156710,2.61,1.94
3427,Fanfare for the Common Man,"A Copland Celebration, Vol. I",Aaron Copland & London Symphony Orchestra,Classical,198064,3.3,2.46
3428,Branch Closing,"The Office, Season 3",The Office,Comedy,1814855,30.25,18.74
3429,The Return,"The Office, Season 3",The Office,Comedy,1705080,28.42,17.09
3430,"Toccata and Fugue in D Minor, BWV 565: I. Toccata",Bach: Toccata & Fugue in D Minor,Ton Koopman,Classical,153901,2.57,1.7
3431,"Symphony No.1 in D Major, Op.25 ""Classical"", Allegro Con Brio",Prokofiev: Symphony No.1,Sergei Prokofiev & Yuri Temirkanov,Classical,254001,4.23,2.63
3432,"Scheherazade, Op. 35: I. The Sea and Sindbad's Ship",Scheherazade,Chicago Symphony Orchestra & Fritz Reiner,Classical,545203,9.09,6.43
3433,"Concerto No.2 in F Major, BWV1047, I. Allegro",Bach: The Brandenburg Concertos,Orchestra of The Age of Enlightenment,Classical,307244,5.12,3.3
3434,"Concerto for Piano No. 2 in F Minor, Op. 21: II. Larghetto",Chopin: Piano Concertos Nos. 1 & 2,"Emanuel Ax, Eugene Ormandy & Philadelphia Orchestra",Classical,560342,9.34,5.91
3435,Cavalleria Rusticana \ Act \ Intermezzo Sinfonico,Mascagni: Cavalleria Rusticana,James Levine,Classical,243436,4.06,2.85
3436,"Karelia Suite, Op.11: 2. Ballade (Tempo Di Menuetto)",Sibelius: Finlandia,Berliner Philharmoniker & Hans Rosbaud,Classical,406000,6.77,4.53
3437,"Piano Sonata No. 14 in C Sharp Minor, Op. 27, No. 2, ""Moonlight"": I. Adagio sostenuto",Beethoven Piano Sonatas: Moonlight & Pastorale,Maurizio Pollini,Classical,391000,6.52,4.24
3438,Fantasia On Greensleeves,The World of Classical Favourites,Academy of St. Martin in the Fields & Sir Neville Marriner,Classical,268066,4.47,2.82
3439,"Das Lied Von Der Erde, Von Der Jugend",Great Recordings of the Century - Mahler: Das Lied von der Erde,Gustav Mahler,Classical,223583,3.73,2.64
3440,"Concerto for Cello and Orchestra in E minor, Op. 85: I. Adagio - Moderato",Elgar: Cello Concerto & Vaughan Williams: Fantasias,"Felix Schmidt, London Symphony Orchestra & Rafael Frühbeck de Burgos",Classical,483133,8.05,5.56
3441,Two Fanfares for Orchestra: II. Short Ride in a Fast Machine,"Adams, John: The Chairman Dances",Edo de Waart & San Francisco Symphony,Classical,254930,4.25,3.49
3442,"Wellington's Victory or the Battle Symphony, Op.91: 2. Symphony of Triumph","Tchaikovsky: 1812 Festival Overture, Op.49, Capriccio Italien & Beethoven: Wellington's Victory",Antal Doráti & London Symphony Orchestra,Classical,412000,6.87,4.89
3443,Missa Papae Marcelli: Kyrie,Palestrina: Missa Papae Marcelli & Allegri: Miserere,Choir Of Westminster Abbey & Simon Preston,Classical,240666,4.01,2.57
3444,Romeo et Juliette: No. 11 - Danse des Chevaliers,Prokofiev: Romeo & Juliet,Michael Tilson Thomas & San Francisco Symphony,Classical,275015,4.58,3.68
3445,On the Beautiful Blue Danube,Strauss: Waltzes,Eugene Ormandy,Classical,526696,8.78,6.12
3446,"Symphonie Fantastique, Op. 14: V. Songe d'une nuit du sabbat",Berlioz: Symphonie Fantastique,Michael Tilson Thomas & San Francisco Symphony,Classical,561967,9.37,5.66
3447,Carmen: Overture,Bizet: Carmen Highlights,"Chor der Wiener Staatsoper, Herbert Von Karajan & Wiener Philharmoniker",Classical,132932,2.22,1.76
3448,"Lamentations of Jeremiah, First Set \ Incipit Lamentatio",English Renaissance,The King's Singers,Classical,69194,1.15,0.72
3449,"Music for the Royal Fireworks, HWV351 (1749): La Réjouissance",Handel: Music for the Royal Fireworks (Original Version 1749),English Concert & Trevor Pinnock,Classical,120000,2.0,1.74
3450,"Peer Gynt Suite No.1, Op.46: 1. Morning Mood",Grieg: Peer Gynt Suites & Sibelius: Pelléas et Mélisande,Berliner Philharmoniker & Herbert Von Karajan,Classical,253422,4.22,2.57
3451,"Die Zauberflöte, K.620: ""Der Hölle Rache Kocht in Meinem Herze""",Mozart Gala: Famous Arias,"Sir Georg Solti, Sumi Jo & Wiener Philharmoniker",Opera,174813,2.91,1.93
3452,"SCRIABIN: Prelude in B Major, Op. 11, No. 11",SCRIABIN: Vers la flamme,Christopher O'Riley,Classical,101293,1.69,1.3
3453,"Pavan, Lachrimae Antiquae",Armada: Music from the Courts of England and Spain,Fretwork,Classical,253281,4.22,3
3454,"Symphony No. 41 in C Major, K. 551, ""Jupiter"": IV. Molto allegro",Mozart: Symphonies Nos. 40 & 41,Berliner Philharmoniker & Herbert Von Karajan,Classical,362933,6.05,4.35
3455,Rehab,Back to Black,Amy Winehouse,R&B/Soul,213240,3.55,2.37
3456,You Know I'm No Good,Back to Black,Amy Winehouse,R&B/Soul,256946,4.28,3.04
3457,Me & Mr. Jones,Back to Black,Amy Winehouse,R&B/Soul,151706,2.53,2.24
3458,Just Friends,Back to Black,Amy Winehouse,R&B/Soul,191933,3.2,2.69
3459,Back to Black,Back to Black,Amy Winehouse,R&B/Soul,240320,4.01,2.77
3460,Love Is a Losing Game,Back to Black,Amy Winehouse,R&B/Soul,154386,2.57,1.77
3461,Tears Dry On Their Own,Back to Black,Amy Winehouse,R&B/Soul,185293,3.09,2.53
3462,Wake Up Alone,Back to Black,Amy Winehouse,R&B/Soul,221413,3.69,2.94
3463,Some Unholy War,Back to Black,Amy Winehouse,R&B/Soul,141520,2.36,1.49
3464,He Can Only Hold Her,Back to Black,Amy Winehouse,R&B/Soul,166680,2.78,2.16
3465,You Know I'm No Good (feat. Ghostface Killah),Back to Black,Amy Winehouse,R&B/Soul,202320,3.37,2.31
3466,Rehab (Hot Chip Remix),Back to Black,Amy Winehouse,R&B/Soul,418293,6.97,4.9
3467,Intro / Stronger Than Me,Frank,Amy Winehouse,Pop,234200,3.9,2.4
3468,You Sent Me Flying / Cherry,Frank,Amy Winehouse,Pop,409906,6.83,4.35
3469,F**k Me Pumps,Frank,Amy Winehouse,Pop,200253,3.34,2.24
3470,I Heard Love Is Blind,Frank,Amy Winehouse,Pop,129666,2.16,1.75
3471,(There Is) No Greater Love (Teo Licks),Frank,Amy Winehouse,Pop,167933,2.8,2.55
3472,In My Bed,Frank,Amy Winehouse,Pop,315960,5.27,3.36
3473,Take the Box,Frank,Amy Winehouse,Pop,199160,3.32,2.47
3474,October Song,Frank,Amy Winehouse,Pop,204846,3.41,2.24
3475,What Is It About Men,Frank,Amy Winehouse,Pop,209573,3.49,2.81
3476,Help Yourself,Frank,Amy Winehouse,Pop,300884,5.01,3.37
3477,Amy Amy Amy (Outro),Frank,Amy Winehouse,Pop,663426,11.06,6.66
3478,Slowness,Carried to Dust (Bonus Track Version),Calexico,Alternative,215386,3.59,2.64
3479,"Prometheus Overture, Op. 43",Beethoven: Symphony No. 6 'Pastoral' Etc.,Otto Klemperer & Philharmonia Orchestra,Classical,339567,5.66,3.69
3480,Sonata for Solo Violin: IV: Presto,Bartok: Violin & Viola Concertos,Yehudi Menuhin,Classical,299350,4.99,3.04
3481,"A Midsummer Night's Dream, Op.61 Incidental Music: No.7 Notturno",Mendelssohn: A Midsummer Night's Dream,Philharmonia Orchestra & Sir Neville Marriner,Classical,387826,6.46,4.71
3482,"Suite No. 3 in D, BWV 1068: III. Gavotte I & II",Bach: Orchestral Suites Nos. 1 - 4,"Academy of St. Martin in the Fields, Sir Neville Marriner & Thurston Dart",Classical,225933,3.77,2.56
3483,"Concert pour 4 Parties de V**les, H. 545: I. Prelude","Charpentier: Divertissements, Airs & Concerts",Les Arts Florissants & William Christie,Classical,110266,1.84,1.95
3484,Adios nonino,South American Getaway,The 12 Cellists of The Berlin Philharmonic,Classical,289388,4.82,3.22
3485,"Symphony No. 3 Op. 36 for Orchestra and Soprano ""Symfonia Piesni Zalosnych"" \ Lento E Largo - Tranquillissimo",Górecki: Symphony No. 3,Adrian Leaper & Doreen de Feis,Classical,567494,9.46,6.39
3486,"Act IV, Symphony",Purcell: The Fairy Queen,"Roger Norrington, London Classical Players",Classical,364296,6.07,4.5
3487,"3 Gymnopédies: No.1 - Lent Et Grave, No.3 - Lent Et Douloureux",The Ultimate Relexation Album,Charles Dutoit & L'Orchestre Symphonique de Montréal,Classical,385506,6.43,3.88
3488,"Music for the Funeral of Queen Mary: VI. ""Thou Knowest, Lord, the Secrets of Our Hearts""",Purcell: Music for the Queen Mary,"Equale Brass Ensemble, John Eliot Gardiner & Munich Monteverdi Orchestra and Choir",Classical,142081,2.37,2.14
3489,Symphony No. 2: III. Allegro vivace,Weill: The Seven Deadly Sins,Kent Nagano and Orchestre de l'Opéra de Lyon,Classical,376510,6.28,3.94
3490,"Partita in E Major, BWV 1006A: I. Prelude","J.S. Bach: Chaconne, Suite in E Minor, Partita in E Major & Prelude, Fugue and Allegro",Julian Bream,Classical,285673,4.76,3.67
3491,Le Sacre Du Printemps: I.iv. Spring Rounds,Prokofiev: Symphony No.5 & Stravinksy: Le Sacre Du Printemps,Berliner Philharmoniker & Herbert Von Karajan,Classical,234746,3.91,2.35
3492,Sing Joyfully,English Renaissance,The King's Singers,Classical,133768,2.23,1.37
3493,"Metopes, Op. 29: Calypso","Szymanowski: Piano Works, Vol. 1",Martin Roscoe,Classical,333669,5.56,4.09
3494,"Symphony No. 2, Op. 16 -  ""The Four Temperaments"": II. Allegro Comodo e Flemmatico",Nielsen: The Six Symphonies,Göteborgs Symfoniker & Neeme Järvi,Classical,286998,4.78,2.96
3495,"24 Caprices, Op. 1, No. 24, for Solo Violin, in A Minor",Great Recordings of the Century: Paganini's 24 Caprices,Itzhak Perlman,Classical,265541,4.43,3.29
3496,"Étude 1, In C Major - Preludio (Presto) - Liszt",Liszt - 12 Études D'Execution Transcendante,Michele Campanella,Classical,51780,0.86,0.96
3497,"Erlkonig, D.328","Great Recordings of the Century - Shubert: Schwanengesang, 4 Lieder",Gerald Moore,Classical,261849,4.36,2.62
3498,"Concerto for Violin, Strings and Continuo in G Major, Op. 3, No. 9: I. Allegro","Locatelli: Concertos for Violin, Strings and Continuo, Vol. 3","Mela Tenenbaum, Pro Musica Prague & Richard Kapp",Classical,493573,8.23,5.62
3499,Pini Di Roma (Pinien Von Rom) \ I Pini Della Via Appia,Respighi:Pines of Rome,Eugene Ormandy,Classical,286741,4.78,3.79
3500,"String Quartet No. 12 in C Minor, D. 703 ""Quartettsatz"": II. Andante - Allegro assai",Schubert: The Late String Quartets & String Quintet (3 CD's),Emerson String Quartet,Classical,139200,2.32,2.28
3501,"L'orfeo, Act 3, Sinfonia (Orchestra)",Monteverdi: L'Orfeo,"C. Monteverdi, Nigel Rogers - Chiaroscuro; London Baroque; London Cornett & Sackbu",Classical,66639,1.11,1.3
3502,"Quintet for Horn, Violin, 2 Violas, and Cello in E Flat Major, K. 407/386c: III. Allegro",Mozart: Chamber Music,Nash Ensemble,Classical,221331,3.69,2.48
3503,Koyaanisqatsi,Koyaanisqatsi (Soundtrack from the Motion Picture),Philip Glass Ensemble,Soundtrack,206005,3.43,2.29
